Codigo Regiao do Pais;Regiao do Pais;Codigo UF;UF;Codigo Macrorregiao de Saude;Macrorregiao de Saude;Codigo Regiao de Saude;Regiao de Saude;CD_MN_RESI;Municipio;Populacao Estimada IBGE 2022;Regiao de Saude
4;Sul;43;Rio Grande do Sul;4310;SERRA;43024;REGIAO 24;430230;Bom Jesus;11.202;REGIAO 24
4;Sul;43;Rio Grande do Sul;4310;SERRA;43024;REGIAO 24;431862;Sao Jose dos Ausentes;4.172;REGIAO 24
4;Sul;43;Rio Grande do Sul;4310;SERRA;43024;REGIAO 24;431112;Jaquirana;3.690;REGIAO 24
4;Sul;43;Rio Grande do Sul;4310;SERRA;43024;REGIAO 24;430367;Campestre da Serra;3.242;REGIAO 24
4;Sul;43;Rio Grande do Sul;4310;SERRA;43024;REGIAO 24;430740;Esmeralda;3.195;REGIAO 24
4;Sul;43;Rio Grande do Sul;4310;SERRA;43024;REGIAO 24;431237;Monte Alegre dos Campos;3.180;REGIAO 24
4;Sul;43;Rio Grande do Sul;4310;SERRA;43024;REGIAO 24;431261;Muitos Capoes;2.879;REGIAO 24
4;Sul;43;Rio Grande do Sul;4310;SERRA;43024;REGIAO 24;431446;Pinhal da Serra;2.248;REGIAO 24
4;Sul;43;Rio Grande do Sul;4310;SERRA;43025;REGIAO 25;430210;Bento Goncalves;123.151;REGIAO 25
4;Sul;43;Rio Grande do Sul;4310;SERRA;43025;REGIAO 25;430860;Garibaldi;34.335;REGIAO 25
4;Sul;43;Rio Grande do Sul;4310;SERRA;43025;REGIAO 25;430480;Carlos Barbosa;30.420;REGIAO 25
4;Sul;43;Rio Grande do Sul;4310;SERRA;43025;REGIAO 25;431330;Nova Prata;25.692;REGIAO 25
4;Sul;43;Rio Grande do Sul;4310;SERRA;43025;REGIAO 25;430940;Guapore;25.268;REGIAO 25
4;Sul;43;Rio Grande do Sul;4310;SERRA;43025;REGIAO 25;432280;Veranopolis;24.021;REGIAO 25
4;Sul;43;Rio Grande do Sul;4310;SERRA;43025;REGIAO 25;431290;Nova Bassano;9.649;REGIAO 25
4;Sul;43;Rio Grande do Sul;4310;SERRA;43025;REGIAO 25;431400;Parai;7.194;REGIAO 25
4;Sul;43;Rio Grande do Sul;4310;SERRA;43025;REGIAO 25;431280;Nova Araca;4.954;REGIAO 25
4;Sul;43;Rio Grande do Sul;4310;SERRA;43025;REGIAO 25;430595;Cotipora;3.846;REGIAO 25
4;Sul;43;Rio Grande do Sul;4310;SERRA;43025;REGIAO 25;432330;Vila Flores;3.646;REGIAO 25
4;Sul;43;Rio Grande do Sul;4310;SERRA;43025;REGIAO 25;431844;Sao Jorge;2.912;REGIAO 25
4;Sul;43;Rio Grande do Sul;4310;SERRA;43025;REGIAO 25;430225;Boa Vista do Sul;2.779;REGIAO 25
4;Sul;43;Rio Grande do Sul;4310;SERRA;43025;REGIAO 25;431454;Pinto Bandeira;2.723;REGIAO 25
4;Sul;43;Rio Grande do Sul;4310;SERRA;43025;REGIAO 25;430786;Fagundes Varela;2.566;REGIAO 25
4;Sul;43;Rio Grande do Sul;4310;SERRA;43025;REGIAO 25;431238;Monte Belo do Sul;2.557;REGIAO 25
4;Sul;43;Rio Grande do Sul;4310;SERRA;43025;REGIAO 25;431517;Protasio Alves;2.025;REGIAO 25
4;Sul;43;Rio Grande do Sul;4310;SERRA;43025;REGIAO 25;430593;Coronel Pilar;1.607;REGIAO 25
4;Sul;43;Rio Grande do Sul;4310;SERRA;43025;REGIAO 25;432360;Vista Alegre do Prata;1.590;REGIAO 25
4;Sul;43;Rio Grande do Sul;4310;SERRA;43025;REGIAO 25;431725;Santa Tereza;1.505;REGIAO 25
4;Sul;43;Rio Grande do Sul;4310;SERRA;43025;REGIAO 25;430925;Guabiju;1.417;REGIAO 25
4;Sul;43;Rio Grande do Sul;4310;SERRA;43025;REGIAO 25;432235;Uniao da Serra;1.170;REGIAO 25
4;Sul;43;Rio Grande do Sul;4310;SERRA;43026;REGIAO 26;430790;Farroupilha;70.286;REGIAO 26
4;Sul;43;Rio Grande do Sul;4310;SERRA;43026;REGIAO 26;430820;Flores da Cunha;30.892;REGIAO 26
4;Sul;43;Rio Grande do Sul;4310;SERRA;43026;REGIAO 26;431900;Sao Marcos;21.084;REGIAO 26
4;Sul;43;Rio Grande do Sul;4310;SERRA;43026;REGIAO 26;430810;Feliz;13.764;REGIAO 26
4;Sul;43;Rio Grande do Sul;4310;SERRA;43026;REGIAO 26;430235;Bom Principio;13.142;REGIAO 26
4;Sul;43;Rio Grande do Sul;4310;SERRA;43026;REGIAO 26;430080;Antonio Prado;13.045;REGIAO 26
4;Sul;43;Rio Grande do Sul;4310;SERRA;43026;REGIAO 26;432254;Vale Real;6.058;REGIAO 26
4;Sul;43;Rio Grande do Sul;4310;SERRA;43026;REGIAO 26;431043;Ipe;5.399;REGIAO 26
4;Sul;43;Rio Grande do Sul;4310;SERRA;43026;REGIAO 26;431335;Nova Roma do Sul;3.466;REGIAO 26
4;Sul;43;Rio Grande do Sul;4310;SERRA;43026;REGIAO 26;430057;Alto Feliz;3.072;REGIAO 26
4;Sul;43;Rio Grande do Sul;4310;SERRA;43026;REGIAO 26;431308;Nova Padua;2.343;REGIAO 26
4;Sul;43;Rio Grande do Sul;4310;SERRA;43026;REGIAO 26;431975;Sao Vendelino;2.251;REGIAO 26
4;Sul;43;Rio Grande do Sul;4308;VALES;43027;REGIAO 27;430300;Cachoeira do Sul;80.070;REGIAO 27
4;Sul;43;Rio Grande do Sul;4308;VALES;43027;REGIAO 27;430280;Cacapava do Sul;32.515;REGIAO 27
4;Sul;43;Rio Grande do Sul;4308;VALES;43027;REGIAO 27;430690;Encruzilhada do Sul;23.819;REGIAO 27
4;Sul;43;Rio Grande do Sul;4308;VALES;43027;REGIAO 27;432070;Sobradinho;14.226;REGIAO 27
4;Sul;43;Rio Grande do Sul;4308;VALES;43027;REGIAO 27;430120;Arroio do Tigre;12.058;REGIAO 27
4;Sul;43;Rio Grande do Sul;4308;VALES;43027;REGIAO 27;432026;Segredo;6.009;REGIAO 27
4;Sul;43;Rio Grande do Sul;4308;VALES;43027;REGIAO 27;431406;Passa Sete;3.983;REGIAO 27
4;Sul;43;Rio Grande do Sul;4308;VALES;43027;REGIAO 27;430513;Cerro Branco;3.802;REGIAO 27
4;Sul;43;Rio Grande do Sul;4308;VALES;43027;REGIAO 27;430975;Ibarama;3.732;REGIAO 27
4;Sul;43;Rio Grande do Sul;4308;VALES;43027;REGIAO 27;431339;Novo Cabrais;3.568;REGIAO 27
4;Sul;43;Rio Grande do Sul;4308;VALES;43027;REGIAO 27;430781;Estrela Velha;3.070;REGIAO 27
4;Sul;43;Rio Grande do Sul;4308;VALES;43027;REGIAO 27;431123;Lagoa Bonita do Sul;2.251;REGIAO 27
4;Sul;43;Rio Grande do Sul;4308;VALES;43028;REGIAO 28;431680;Santa Cruz do Sul;133.246;REGIAO 28
4;Sul;43;Rio Grande do Sul;4308;VALES;43028;REGIAO 28;432260;Venancio Aires;68.763;REGIAO 28
4;Sul;43;Rio Grande do Sul;4308;VALES;43028;REGIAO 28;431570;Rio Pardo;34.654;REGIAO 28
4;Sul;43;Rio Grande do Sul;4308;VALES;43028;REGIAO 28;430420;Candelaria;28.906;REGIAO 28
4;Sul;43;Rio Grande do Sul;4308;VALES;43028;REGIAO 28;432270;Vera Cruz;26.714;REGIAO 28
4;Sul;43;Rio Grande do Sul;4308;VALES;43028;REGIAO 28;431395;Pantano Grande;10.212;REGIAO 28
4;Sul;43;Rio Grande do Sul;4308;VALES;43028;REGIAO 28;432253;Vale do Sol;9.902;REGIAO 28
4;Sul;43;Rio Grande do Sul;4308;VALES;43028;REGIAO 28;432067;Sinimbu;8.557;REGIAO 28
4;Sul;43;Rio Grande do Sul;4308;VALES;43028;REGIAO 28;431407;Passo do Sobrado;6.025;REGIAO 28
4;Sul;43;Rio Grande do Sul;4308;VALES;43028;REGIAO 28;431215;Mato Leitao;4.859;REGIAO 28
4;Sul;43;Rio Grande do Sul;4308;VALES;43028;REGIAO 28;430915;Gramado Xavier;3.305;REGIAO 28
4;Sul;43;Rio Grande do Sul;4308;VALES;43028;REGIAO 28;432252;Vale Verde;3.150;REGIAO 28
4;Sul;43;Rio Grande do Sul;4308;VALES;43028;REGIAO 28;430957;Herveiras;2.564;REGIAO 28
4;Sul;43;Rio Grande do Sul;4308;VALES;43029;REGIAO 29;431140;Lajeado;92.951;REGIAO 29
4;Sul;43;Rio Grande do Sul;4308;VALES;43029;REGIAO 29;430680;Encantado;22.962;REGIAO 29
4;Sul;43;Rio Grande do Sul;4308;VALES;43029;REGIAO 29;430100;Arroio do Meio;21.958;REGIAO 29
4;Sul;43;Rio Grande do Sul;4308;VALES;43029;REGIAO 29;430620;Cruzeiro do Sul;12.295;REGIAO 29
4;Sul;43;Rio Grande do Sul;4308;VALES;43029;REGIAO 29;431580;Roca Sales;10.418;REGIAO 29
4;Sul;43;Rio Grande do Sul;4308;VALES;43029;REGIAO 29;431675;Santa Clara do Sul;6.887;REGIAO 29
4;Sul;43;Rio Grande do Sul;4308;VALES;43029;REGIAO 29;430245;Boqueirao do Leao;6.243;REGIAO 29
4;Sul;43;Rio Grande do Sul;4308;VALES;43029;REGIAO 29;430070;Anta Gorda;5.957;REGIAO 29
4;Sul;43;Rio Grande do Sul;4308;VALES;43029;REGIAO 29;431515;Progresso;5.340;REGIAO 29
4;Sul;43;Rio Grande do Sul;4308;VALES;43029;REGIAO 29;431260;Mucum;4.601;REGIAO 29
4;Sul;43;Rio Grande do Sul;4308;VALES;43029;REGIAO 29;431030;Ilopolis;4.157;REGIAO 29
4;Sul;43;Rio Grande do Sul;4308;VALES;43029;REGIAO 29;431205;Marques de Souza;3.969;REGIAO 29
4;Sul;43;Rio Grande do Sul;4308;VALES;43029;REGIAO 29;431520;Putinga;3.747;REGIAO 29
4;Sul;43;Rio Grande do Sul;4308;VALES;43029;REGIAO 29;430645;Dois Lajeados;3.097;REGIAO 29
4;Sul;43;Rio Grande do Sul;4308;VALES;43029;REGIAO 29;431300;Nova Brescia;3.044;REGIAO 29
4;Sul;43;Rio Grande do Sul;4308;VALES;43029;REGIAO 29;430469;Capitao;2.921;REGIAO 29
4;Sul;43;Rio Grande do Sul;4308;VALES;43029;REGIAO 29;430843;Forquetinha;2.393;REGIAO 29
4;Sul;43;Rio Grande do Sul;4308;VALES;43029;REGIAO 29;431971;Sao Valentim do Sul;2.207;REGIAO 29
4;Sul;43;Rio Grande do Sul;4308;VALES;43029;REGIAO 29;432162;Travesseiro;2.152;REGIAO 29
4;Sul;43;Rio Grande do Sul;4308;VALES;43029;REGIAO 29;432045;Serio;1.941;REGIAO 29
4;Sul;43;Rio Grande do Sul;4308;VALES;43029;REGIAO 29;431846;Sao Jose do Herval;1.902;REGIAO 29
4;Sul;43;Rio Grande do Sul;4308;VALES;43029;REGIAO 29;430675;Doutor Ricardo;1.888;REGIAO 29
4;Sul;43;Rio Grande do Sul;4308;VALES;43029;REGIAO 29;432285;Vespasiano Correa;1.818;REGIAO 29
4;Sul;43;Rio Grande do Sul;4308;VALES;43029;REGIAO 29;431545;Relvado;1.796;REGIAO 29
4;Sul;43;Rio Grande do Sul;4308;VALES;43029;REGIAO 29;431513;Pouso Novo;1.739;REGIAO 29
4;Sul;43;Rio Grande do Sul;4308;VALES;43029;REGIAO 29;430461;Canudos do Vale;1.656;REGIAO 29
4;Sul;43;Rio Grande do Sul;4308;VALES;43029;REGIAO 29;430583;Coqueiro Baixo;1.290;REGIAO 29
4;Sul;43;Rio Grande do Sul;4308;VALES;43030;REGIAO 30;432145;Teutonia;32.797;REGIAO 30
4;Sul;43;Rio Grande do Sul;4308;VALES;43030;REGIAO 30;430780;Estrela;32.183;REGIAO 30
4;Sul;43;Rio Grande do Sul;4308;VALES;43030;REGIAO 30;432130;Taquari;25.198;REGIAO 30
4;Sul;43;Rio Grande do Sul;4308;VALES;43030;REGIAO 30;430240;Bom Retiro do Sul;12.294;REGIAO 30
4;Sul;43;Rio Grande do Sul;4308;VALES;43030;REGIAO 30;431415;Paverama;7.978;REGIAO 30
4;Sul;43;Rio Grande do Sul;4308;VALES;43030;REGIAO 30;430807;Fazenda Vilanova;4.291;REGIAO 30
4;Sul;43;Rio Grande do Sul;4308;VALES;43030;REGIAO 30;432377;Westfalia;3.098;REGIAO 30
4;Sul;43;Rio Grande do Sul;4308;VALES;43030;REGIAO 30;431036;Imigrante;3.080;REGIAO 30
4;Sul;43;Rio Grande do Sul;4308;VALES;43030;REGIAO 30;430558;Colinas;2.423;REGIAO 30
4;Sul;43;Rio Grande do Sul;4308;VALES;43030;REGIAO 30;431475;Poco das Antas;2.171;REGIAO 30
5;Centro-Oeste;50;Mato Grosso do Sul;5010;CENTRO;50009;BAIXO PANTANAL;500110;Aquidauana;46.803;BAIXO PANTANAL
5;Centro-Oeste;50;Mato Grosso do Sul;5010;CENTRO;50009;BAIXO PANTANAL;500540;Maracaju;45.047;BAIXO PANTANAL
5;Centro-Oeste;50;Mato Grosso do Sul;5010;CENTRO;50009;BAIXO PANTANAL;500070;Anastacio;24.114;BAIXO PANTANAL
5;Centro-Oeste;50;Mato Grosso do Sul;5010;CENTRO;50009;BAIXO PANTANAL;500500;Jardim;23.981;BAIXO PANTANAL
5;Centro-Oeste;50;Mato Grosso do Sul;5010;CENTRO;50009;BAIXO PANTANAL;500220;Bonito;23.659;BAIXO PANTANAL
5;Centro-Oeste;50;Mato Grosso do Sul;5010;CENTRO;50009;BAIXO PANTANAL;500210;Bela Vista;21.613;BAIXO PANTANAL
5;Centro-Oeste;50;Mato Grosso do Sul;5010;CENTRO;50009;BAIXO PANTANAL;500580;Nioaque;13.220;BAIXO PANTANAL
5;Centro-Oeste;50;Mato Grosso do Sul;5010;CENTRO;50009;BAIXO PANTANAL;500690;Porto Murtinho;12.859;BAIXO PANTANAL
5;Centro-Oeste;50;Mato Grosso do Sul;5010;CENTRO;50009;BAIXO PANTANAL;500348;Dois Irmaos do Buriti;11.100;BAIXO PANTANAL
5;Centro-Oeste;50;Mato Grosso do Sul;5010;CENTRO;50009;BAIXO PANTANAL;500410;Guia Lopes da Laguna;9.940;BAIXO PANTANAL
5;Centro-Oeste;50;Mato Grosso do Sul;5010;CENTRO;50009;BAIXO PANTANAL;500215;Bodoquena;8.567;BAIXO PANTANAL
5;Centro-Oeste;50;Mato Grosso do Sul;5010;CENTRO;50009;BAIXO PANTANAL;500280;Caracol;5.036;BAIXO PANTANAL
5;Centro-Oeste;50;Mato Grosso do Sul;5009;PANTANAL;50010;PANTANAL;500320;Corumba;96.268;PANTANAL
5;Centro-Oeste;50;Mato Grosso do Sul;5009;PANTANAL;50010;PANTANAL;500560;Miranda;25.536;PANTANAL
5;Centro-Oeste;50;Mato Grosso do Sul;5009;PANTANAL;50010;PANTANAL;500520;Ladario;21.522;PANTANAL
5;Centro-Oeste;50;Mato Grosso do Sul;5010;CENTRO;50011;CENTRO;500270;Campo Grande;898.100;CENTRO
5;Centro-Oeste;50;Mato Grosso do Sul;5010;CENTRO;50011;CENTRO;500790;Sidrolandia;47.118;CENTRO
5;Centro-Oeste;50;Mato Grosso do Sul;5010;CENTRO;50011;CENTRO;500710;Ribas do Rio Pardo;23.150;CENTRO
5;Centro-Oeste;50;Mato Grosso do Sul;5010;CENTRO;50011;CENTRO;500800;Terenos;17.652;CENTRO
5;Centro-Oeste;50;Mato Grosso do Sul;5010;CENTRO;50011;CENTRO;500260;Camapua;13.583;CENTRO
5;Centro-Oeste;50;Mato Grosso do Sul;5010;CENTRO;50011;CENTRO;500150;Bandeirantes;7.940;CENTRO
5;Centro-Oeste;50;Mato Grosso do Sul;5010;CENTRO;50011;CENTRO;500490;Jaraguari;7.139;CENTRO
5;Centro-Oeste;50;Mato Grosso do Sul;5010;CENTRO;50011;CENTRO;500750;Rochedo;5.199;CENTRO
5;Centro-Oeste;50;Mato Grosso do Sul;5010;CENTRO;50011;CENTRO;500310;Corguinho;4.783;CENTRO
5;Centro-Oeste;50;Mato Grosso do Sul;5011;CONE SUL;50012;CENTRO SUL;500370;Dourados;243.367;CENTRO SUL
5;Centro-Oeste;50;Mato Grosso do Sul;5011;CONE SUL;50012;CENTRO SUL;500720;Rio Brilhante;37.601;CENTRO SUL
5;Centro-Oeste;50;Mato Grosso do Sul;5011;CONE SUL;50012;CENTRO SUL;500240;Caarapo;30.612;CENTRO SUL
5;Centro-Oeste;50;Mato Grosso do Sul;5011;CONE SUL;50012;CENTRO SUL;500450;Itapora;24.137;CENTRO SUL
5;Centro-Oeste;50;Mato Grosso do Sul;5011;CONE SUL;50012;CENTRO SUL;500600;Nova Alvorada do Sul;21.822;CENTRO SUL
5;Centro-Oeste;50;Mato Grosso do Sul;5011;CONE SUL;50012;CENTRO SUL;500380;Fatima do Sul;20.609;CENTRO SUL
5;Centro-Oeste;50;Mato Grosso do Sul;5011;CONE SUL;50012;CENTRO SUL;500345;Deodapolis;13.663;CENTRO SUL
5;Centro-Oeste;50;Mato Grosso do Sul;5011;CONE SUL;50012;CENTRO SUL;500400;Gloria de Dourados;10.444;CENTRO SUL
5;Centro-Oeste;50;Mato Grosso do Sul;5011;CONE SUL;50012;CENTRO SUL;500525;Laguna Carapa;6.799;CENTRO SUL
5;Centro-Oeste;50;Mato Grosso do Sul;5011;CONE SUL;50012;CENTRO SUL;500840;Vicentina;6.336;CENTRO SUL
5;Centro-Oeste;50;Mato Grosso do Sul;5011;CONE SUL;50012;CENTRO SUL;500350;Douradina;5.578;CENTRO SUL
5;Centro-Oeste;50;Mato Grosso do Sul;5011;CONE SUL;50012;CENTRO SUL;500510;Jatei;3.586;CENTRO SUL
5;Centro-Oeste;50;Mato Grosso do Sul;5012;COSTA LESTE;50013;LESTE;500830;Tres Lagoas;132.152;LESTE
5;Centro-Oeste;50;Mato Grosso do Sul;5012;COSTA LESTE;50013;LESTE;500190;Bataguassu;23.031;LESTE
5;Centro-Oeste;50;Mato Grosso do Sul;5012;COSTA LESTE;50013;LESTE;500020;Agua Clara;16.741;LESTE
5;Centro-Oeste;50;Mato Grosso do Sul;5012;COSTA LESTE;50013;LESTE;500230;Brasilandia;11.579;LESTE
5;Centro-Oeste;50;Mato Grosso do Sul;5012;COSTA LESTE;50013;LESTE;500780;Selviria;8.142;LESTE
5;Centro-Oeste;50;Mato Grosso do Sul;5012;COSTA LESTE;50013;LESTE;500755;Santa Rita do Pardo;7.027;LESTE
5;Centro-Oeste;50;Mato Grosso do Sul;5012;COSTA LESTE;50014;NORDESTE;500630;Paranaiba;40.957;NORDESTE
5;Centro-Oeste;50;Mato Grosso do Sul;5012;COSTA LESTE;50014;NORDESTE;500295;Chapadao do Sul;30.993;NORDESTE
5;Centro-Oeste;50;Mato Grosso do Sul;5012;COSTA LESTE;50014;NORDESTE;500100;Aparecida do Taboado;27.674;NORDESTE
5;Centro-Oeste;50;Mato Grosso do Sul;5012;COSTA LESTE;50014;NORDESTE;500325;Costa Rica;26.037;NORDESTE
5;Centro-Oeste;50;Mato Grosso do Sul;5012;COSTA LESTE;50014;NORDESTE;500290;Cassilandia;20.988;NORDESTE
5;Centro-Oeste;50;Mato Grosso do Sul;5012;COSTA LESTE;50014;NORDESTE;500440;Inocencia;8.404;NORDESTE
5;Centro-Oeste;50;Mato Grosso do Sul;5012;COSTA LESTE;50014;NORDESTE;500627;Paraiso das Aguas;5.510;NORDESTE
5;Centro-Oeste;50;Mato Grosso do Sul;5010;CENTRO;50015;NORTE;500330;Coxim;32.151;NORTE
5;Centro-Oeste;50;Mato Grosso do Sul;5010;CENTRO;50015;NORTE;500769;Sao Gabriel do Oeste;29.579;NORTE
5;Centro-Oeste;50;Mato Grosso do Sul;5010;CENTRO;50015;NORTE;500740;Rio Verde de Mato Grosso;19.818;NORTE
5;Centro-Oeste;50;Mato Grosso do Sul;5010;CENTRO;50015;NORTE;500793;Sonora;14.516;NORTE
5;Centro-Oeste;50;Mato Grosso do Sul;5010;CENTRO;50015;NORTE;500640;Pedro Gomes;6.941;NORTE
5;Centro-Oeste;50;Mato Grosso do Sul;5010;CENTRO;50015;NORTE;500730;Rio Negro;4.841;NORTE
5;Centro-Oeste;50;Mato Grosso do Sul;5010;CENTRO;50015;NORTE;500025;Alcinopolis;4.537;NORTE
5;Centro-Oeste;50;Mato Grosso do Sul;5010;CENTRO;50015;NORTE;500390;Figueirao;3.539;NORTE
5;Centro-Oeste;50;Mato Grosso do Sul;5011;CONE SUL;50016;SUDESTE;500620;Nova Andradina;48.563;SUDESTE
5;Centro-Oeste;50;Mato Grosso do Sul;5011;CONE SUL;50016;SUDESTE;500470;Ivinhema;27.821;SUDESTE
5;Centro-Oeste;50;Mato Grosso do Sul;5011;CONE SUL;50016;SUDESTE;500085;Angelica;10.729;SUDESTE
5;Centro-Oeste;50;Mato Grosso do Sul;5011;CONE SUL;50016;SUDESTE;500200;Bataypora;10.712;SUDESTE
5;Centro-Oeste;50;Mato Grosso do Sul;5011;CONE SUL;50016;SUDESTE;500080;Anaurilandia;7.653;SUDESTE
5;Centro-Oeste;50;Mato Grosso do Sul;5011;CONE SUL;50016;SUDESTE;500625;Novo Horizonte do Sul;4.721;SUDESTE
5;Centro-Oeste;50;Mato Grosso do Sul;5011;CONE SUL;50016;SUDESTE;500797;Taquarussu;3.625;SUDESTE
5;Centro-Oeste;50;Mato Grosso do Sul;5011;CONE SUL;50017;SUL FRONTEIRA;500660;Ponta Pora;92.017;SUL FRONTEIRA
5;Centro-Oeste;50;Mato Grosso do Sul;5011;CONE SUL;50017;SUL FRONTEIRA;500570;Navirai;50.457;SUL FRONTEIRA
5;Centro-Oeste;50;Mato Grosso do Sul;5011;CONE SUL;50017;SUL FRONTEIRA;500060;Amambai;39.325;SUL FRONTEIRA
5;Centro-Oeste;50;Mato Grosso do Sul;5011;CONE SUL;50017;SUL FRONTEIRA;500460;Itaquirai;19.423;SUL FRONTEIRA
5;Centro-Oeste;50;Mato Grosso do Sul;5011;CONE SUL;50017;SUL FRONTEIRA;500568;Mundo Novo;19.193;SUL FRONTEIRA
5;Centro-Oeste;50;Mato Grosso do Sul;5011;CONE SUL;50017;SUL FRONTEIRA;500315;Coronel Sapucaia;14.289;SUL FRONTEIRA
5;Centro-Oeste;50;Mato Grosso do Sul;5011;CONE SUL;50017;SUL FRONTEIRA;500430;Iguatemi;13.808;SUL FRONTEIRA
5;Centro-Oeste;50;Mato Grosso do Sul;5011;CONE SUL;50017;SUL FRONTEIRA;500635;Paranhos;12.921;SUL FRONTEIRA
5;Centro-Oeste;50;Mato Grosso do Sul;5011;CONE SUL;50017;SUL FRONTEIRA;500375;Eldorado;11.386;SUL FRONTEIRA
5;Centro-Oeste;50;Mato Grosso do Sul;5011;CONE SUL;50017;SUL FRONTEIRA;500770;Sete Quedas;10.994;SUL FRONTEIRA
5;Centro-Oeste;50;Mato Grosso do Sul;5011;CONE SUL;50017;SUL FRONTEIRA;500795;Tacuru;10.808;SUL FRONTEIRA
5;Centro-Oeste;50;Mato Grosso do Sul;5011;CONE SUL;50017;SUL FRONTEIRA;500124;Aral Moreira;10.748;SUL FRONTEIRA
5;Centro-Oeste;50;Mato Grosso do Sul;5011;CONE SUL;50017;SUL FRONTEIRA;500090;Antonio Joao;9.303;SUL FRONTEIRA
5;Centro-Oeste;50;Mato Grosso do Sul;5011;CONE SUL;50017;SUL FRONTEIRA;500480;Japora;8.148;SUL FRONTEIRA
5;Centro-Oeste;50;Mato Grosso do Sul;5011;CONE SUL;50017;SUL FRONTEIRA;500515;Juti;6.729;SUL FRONTEIRA
5;Centro-Oeste;51;Mato Grosso;5103;MACRORREGIAO NORTE;51001;ALTO TAPAJOS;510025;Alta Floresta;58.613;ALTO TAPAJOS
5;Centro-Oeste;51;Mato Grosso;5103;MACRORREGIAO NORTE;51001;ALTO TAPAJOS;510615;Nova Bandeirantes;13.635;ALTO TAPAJOS
5;Centro-Oeste;51;Mato Grosso;5103;MACRORREGIAO NORTE;51001;ALTO TAPAJOS;510629;Paranaita;11.671;ALTO TAPAJOS
5;Centro-Oeste;51;Mato Grosso;5103;MACRORREGIAO NORTE;51001;ALTO TAPAJOS;510279;Carlinda;10.332;ALTO TAPAJOS
5;Centro-Oeste;51;Mato Grosso;5103;MACRORREGIAO NORTE;51001;ALTO TAPAJOS;510080;Apiacas;8.590;ALTO TAPAJOS
5;Centro-Oeste;51;Mato Grosso;5103;MACRORREGIAO NORTE;51001;ALTO TAPAJOS;510895;Nova Monte Verde;8.313;ALTO TAPAJOS
5;Centro-Oeste;51;Mato Grosso;5105;MACRORREGIAO CENTRO-NORTE;51002;BAIXADA CUIABANA;510340;Cuiaba;650.877;BAIXADA CUIABANA
5;Centro-Oeste;51;Mato Grosso;5105;MACRORREGIAO CENTRO-NORTE;51002;BAIXADA CUIABANA;510840;Varzea Grande;300.078;BAIXADA CUIABANA
5;Centro-Oeste;51;Mato Grosso;5105;MACRORREGIAO CENTRO-NORTE;51002;BAIXADA CUIABANA;510650;Pocone;31.217;BAIXADA CUIABANA
5;Centro-Oeste;51;Mato Grosso;5105;MACRORREGIAO CENTRO-NORTE;51002;BAIXADA CUIABANA;510300;Chapada dos Guimaraes;18.990;BAIXADA CUIABANA
5;Centro-Oeste;51;Mato Grosso;5105;MACRORREGIAO CENTRO-NORTE;51002;BAIXADA CUIABANA;510780;Santo Antonio do Leverger;15.246;BAIXADA CUIABANA
5;Centro-Oeste;51;Mato Grosso;5105;MACRORREGIAO CENTRO-NORTE;51002;BAIXADA CUIABANA;510610;Nossa Senhora do Livramento;12.940;BAIXADA CUIABANA
5;Centro-Oeste;51;Mato Grosso;5105;MACRORREGIAO CENTRO-NORTE;51002;BAIXADA CUIABANA;510490;Jangada;7.426;BAIXADA CUIABANA
5;Centro-Oeste;51;Mato Grosso;5105;MACRORREGIAO CENTRO-NORTE;51002;BAIXADA CUIABANA;510160;Barao de Melgaco;7.253;BAIXADA CUIABANA
5;Centro-Oeste;51;Mato Grosso;5105;MACRORREGIAO CENTRO-NORTE;51002;BAIXADA CUIABANA;510010;Acorizal;5.014;BAIXADA CUIABANA
5;Centro-Oeste;51;Mato Grosso;5105;MACRORREGIAO CENTRO-NORTE;51002;BAIXADA CUIABANA;510620;Nova Brasilandia;3.932;BAIXADA CUIABANA
5;Centro-Oeste;51;Mato Grosso;5105;MACRORREGIAO CENTRO-NORTE;51002;BAIXADA CUIABANA;510645;Planalto da Serra;3.166;BAIXADA CUIABANA
5;Centro-Oeste;51;Mato Grosso;5104;MACRORREGIAO LESTE;51003;ARAGUAIA XINGU;510335;Confresa;35.075;ARAGUAIA XINGU
5;Centro-Oeste;51;Mato Grosso;5104;MACRORREGIAO LESTE;51003;ARAGUAIA XINGU;510860;Vila Rica;19.888;ARAGUAIA XINGU
5;Centro-Oeste;51;Mato Grosso;5104;MACRORREGIAO LESTE;51003;ARAGUAIA XINGU;510677;Porto Alegre do Norte;12.127;ARAGUAIA XINGU
5;Centro-Oeste;51;Mato Grosso;5104;MACRORREGIAO LESTE;51003;ARAGUAIA XINGU;510777;Santa Terezinha;7.596;ARAGUAIA XINGU
5;Centro-Oeste;51;Mato Grosso;5104;MACRORREGIAO LESTE;51003;ARAGUAIA XINGU;510735;Sao Jose do Xingu;5.964;ARAGUAIA XINGU
5;Centro-Oeste;51;Mato Grosso;5104;MACRORREGIAO LESTE;51003;ARAGUAIA XINGU;510269;Canabrava do Norte;4.485;ARAGUAIA XINGU
5;Centro-Oeste;51;Mato Grosso;5104;MACRORREGIAO LESTE;51003;ARAGUAIA XINGU;510774;Santa Cruz do Xingu;2.661;ARAGUAIA XINGU
5;Centro-Oeste;51;Mato Grosso;5106;MACRORREGIAO CENTRO-NOROESTE;51004;CENTRO NORTE;510350;Diamantino;21.941;CENTRO NORTE
5;Centro-Oeste;51;Mato Grosso;5106;MACRORREGIAO CENTRO-NOROESTE;51004;CENTRO NORTE;510590;Nobres;15.492;CENTRO NORTE
5;Centro-Oeste;51;Mato Grosso;5106;MACRORREGIAO CENTRO-NOROESTE;51004;CENTRO NORTE;510770;Rosario Oeste;15.453;CENTRO NORTE
5;Centro-Oeste;51;Mato Grosso;5106;MACRORREGIAO CENTRO-NOROESTE;51004;CENTRO NORTE;510730;Sao Jose do Rio Claro;14.911;CENTRO NORTE
5;Centro-Oeste;51;Mato Grosso;5106;MACRORREGIAO CENTRO-NOROESTE;51004;CENTRO NORTE;510050;Alto Paraguai;8.009;CENTRO NORTE
5;Centro-Oeste;51;Mato Grosso;5106;MACRORREGIAO CENTRO-NOROESTE;51004;CENTRO NORTE;510600;Nortelandia;5.956;CENTRO NORTE
5;Centro-Oeste;51;Mato Grosso;5106;MACRORREGIAO CENTRO-NOROESTE;51004;CENTRO NORTE;510890;Nova Maringa;5.846;CENTRO NORTE
5;Centro-Oeste;51;Mato Grosso;5104;MACRORREGIAO LESTE;51005;GARCAS ARAGUAIA;510180;Barra do Garcas;69.210;GARCAS ARAGUAIA
5;Centro-Oeste;51;Mato Grosso;5104;MACRORREGIAO LESTE;51005;GARCAS ARAGUAIA;510625;Nova Xavantina;24.345;GARCAS ARAGUAIA
5;Centro-Oeste;51;Mato Grosso;5104;MACRORREGIAO LESTE;51005;GARCAS ARAGUAIA;510260;Campinapolis;15.347;GARCAS ARAGUAIA
5;Centro-Oeste;51;Mato Grosso;5104;MACRORREGIAO LESTE;51005;GARCAS ARAGUAIA;510665;Pontal do Araguaia;6.932;GARCAS ARAGUAIA
5;Centro-Oeste;51;Mato Grosso;5104;MACRORREGIAO LESTE;51005;GARCAS ARAGUAIA;510628;Novo Sao Joaquim;6.919;GARCAS ARAGUAIA
5;Centro-Oeste;51;Mato Grosso;5104;MACRORREGIAO LESTE;51005;GARCAS ARAGUAIA;510390;General Carneiro;6.037;GARCAS ARAGUAIA
5;Centro-Oeste;51;Mato Grosso;5104;MACRORREGIAO LESTE;51005;GARCAS ARAGUAIA;510820;Torixoreu;4.164;GARCAS ARAGUAIA
5;Centro-Oeste;51;Mato Grosso;5104;MACRORREGIAO LESTE;51005;GARCAS ARAGUAIA;510100;Araguaiana;3.795;GARCAS ARAGUAIA
5;Centro-Oeste;51;Mato Grosso;5104;MACRORREGIAO LESTE;51005;GARCAS ARAGUAIA;510719;Ribeiraozinho;2.593;GARCAS ARAGUAIA
5;Centro-Oeste;51;Mato Grosso;5104;MACRORREGIAO LESTE;51005;GARCAS ARAGUAIA;510670;Ponte Branca;2.008;GARCAS ARAGUAIA
5;Centro-Oeste;51;Mato Grosso;5104;MACRORREGIAO LESTE;51006;MEDIO ARAGUAIA;510020;Agua Boa;29.219;MEDIO ARAGUAIA
5;Centro-Oeste;51;Mato Grosso;5104;MACRORREGIAO LESTE;51006;MEDIO ARAGUAIA;510706;Querencia;26.769;MEDIO ARAGUAIA
5;Centro-Oeste;51;Mato Grosso;5104;MACRORREGIAO LESTE;51006;MEDIO ARAGUAIA;510270;Canarana;25.858;MEDIO ARAGUAIA
5;Centro-Oeste;51;Mato Grosso;5104;MACRORREGIAO LESTE;51006;MEDIO ARAGUAIA;510718;Ribeirao Cascalheira;10.089;MEDIO ARAGUAIA
5;Centro-Oeste;51;Mato Grosso;5104;MACRORREGIAO LESTE;51006;MEDIO ARAGUAIA;510385;Gaucha do Norte;8.642;MEDIO ARAGUAIA
5;Centro-Oeste;51;Mato Grosso;5104;MACRORREGIAO LESTE;51006;MEDIO ARAGUAIA;510185;Bom Jesus do Araguaia;7.280;MEDIO ARAGUAIA
5;Centro-Oeste;51;Mato Grosso;5104;MACRORREGIAO LESTE;51006;MEDIO ARAGUAIA;510310;Cocalinho;6.220;MEDIO ARAGUAIA
5;Centro-Oeste;51;Mato Grosso;5104;MACRORREGIAO LESTE;51006;MEDIO ARAGUAIA;510617;Nova Nazare;4.200;MEDIO ARAGUAIA
5;Centro-Oeste;51;Mato Grosso;5106;MACRORREGIAO CENTRO-NOROESTE;51007;MEDIO NORTE MATOGROSSENSE;510795;Tangara da Serra;106.434;MEDIO NORTE MATOGROSSENSE
5;Centro-Oeste;51;Mato Grosso;5106;MACRORREGIAO CENTRO-NOROESTE;51007;MEDIO NORTE MATOGROSSENSE;510263;Campo Novo do Parecis;45.899;MEDIO NORTE MATOGROSSENSE
5;Centro-Oeste;51;Mato Grosso;5106;MACRORREGIAO CENTRO-NOROESTE;51007;MEDIO NORTE MATOGROSSENSE;510170;Barra do Bugres;29.403;MEDIO NORTE MATOGROSSENSE
5;Centro-Oeste;51;Mato Grosso;5106;MACRORREGIAO CENTRO-NOROESTE;51007;MEDIO NORTE MATOGROSSENSE;510787;Sapezal;28.944;MEDIO NORTE MATOGROSSENSE
5;Centro-Oeste;51;Mato Grosso;5106;MACRORREGIAO CENTRO-NOROESTE;51007;MEDIO NORTE MATOGROSSENSE;510623;Nova Olimpia;16.352;MEDIO NORTE MATOGROSSENSE
5;Centro-Oeste;51;Mato Grosso;5106;MACRORREGIAO CENTRO-NOROESTE;51007;MEDIO NORTE MATOGROSSENSE;510130;Arenapolis;10.576;MEDIO NORTE MATOGROSSENSE
5;Centro-Oeste;51;Mato Grosso;5106;MACRORREGIAO CENTRO-NOROESTE;51007;MEDIO NORTE MATOGROSSENSE;510345;Denise;7.014;MEDIO NORTE MATOGROSSENSE
5;Centro-Oeste;51;Mato Grosso;5106;MACRORREGIAO CENTRO-NOROESTE;51007;MEDIO NORTE MATOGROSSENSE;510885;Nova Marilandia;3.529;MEDIO NORTE MATOGROSSENSE
5;Centro-Oeste;51;Mato Grosso;5106;MACRORREGIAO CENTRO-NOROESTE;51007;MEDIO NORTE MATOGROSSENSE;510685;Porto Estrela;3.224;MEDIO NORTE MATOGROSSENSE
5;Centro-Oeste;51;Mato Grosso;5106;MACRORREGIAO CENTRO-NOROESTE;51007;MEDIO NORTE MATOGROSSENSE;510726;Santo Afonso;2.519;MEDIO NORTE MATOGROSSENSE
5;Centro-Oeste;51;Mato Grosso;5106;MACRORREGIAO CENTRO-NOROESTE;51008;NOROESTE MATOGROSSENSE;510515;Juina;45.869;NOROESTE MATOGROSSENSE
5;Centro-Oeste;51;Mato Grosso;5106;MACRORREGIAO CENTRO-NOROESTE;51008;NOROESTE MATOGROSSENSE;510325;Colniza;25.766;NOROESTE MATOGROSSENSE
5;Centro-Oeste;51;Mato Grosso;5106;MACRORREGIAO CENTRO-NOROESTE;51008;NOROESTE MATOGROSSENSE;510140;Aripuana;24.626;NOROESTE MATOGROSSENSE
5;Centro-Oeste;51;Mato Grosso;5106;MACRORREGIAO CENTRO-NOROESTE;51008;NOROESTE MATOGROSSENSE;510190;Brasnorte;17.004;NOROESTE MATOGROSSENSE
5;Centro-Oeste;51;Mato Grosso;5106;MACRORREGIAO CENTRO-NOROESTE;51008;NOROESTE MATOGROSSENSE;510337;Cotriguacu;11.011;NOROESTE MATOGROSSENSE
5;Centro-Oeste;51;Mato Grosso;5106;MACRORREGIAO CENTRO-NOROESTE;51008;NOROESTE MATOGROSSENSE;510517;Juruena;10.213;NOROESTE MATOGROSSENSE
5;Centro-Oeste;51;Mato Grosso;5106;MACRORREGIAO CENTRO-NOROESTE;51008;NOROESTE MATOGROSSENSE;510285;Castanheira;7.506;NOROESTE MATOGROSSENSE
5;Centro-Oeste;51;Mato Grosso;5104;MACRORREGIAO LESTE;51009;NORTE ARAGUAIA KARAJA;510785;Sao Felix do Araguaia;13.621;NORTE ARAGUAIA KARAJA
5;Centro-Oeste;51;Mato Grosso;5104;MACRORREGIAO LESTE;51009;NORTE ARAGUAIA KARAJA;510035;Alto Boa Vista;5.715;NORTE ARAGUAIA KARAJA
5;Centro-Oeste;51;Mato Grosso;5104;MACRORREGIAO LESTE;51009;NORTE ARAGUAIA KARAJA;510530;Luciara;2.509;NORTE ARAGUAIA KARAJA
5;Centro-Oeste;51;Mato Grosso;5104;MACRORREGIAO LESTE;51009;NORTE ARAGUAIA KARAJA;510631;Novo Santo Antonio;2.015;NORTE ARAGUAIA KARAJA
5;Centro-Oeste;51;Mato Grosso;5104;MACRORREGIAO LESTE;51009;NORTE ARAGUAIA KARAJA;510788;Serra Nova Dourada;1.800;NORTE ARAGUAIA KARAJA
5;Centro-Oeste;51;Mato Grosso;5103;MACRORREGIAO NORTE;51010;NORTE MATOGROSSENSE;510320;Colider;31.370;NORTE MATOGROSSENSE
5;Centro-Oeste;51;Mato Grosso;5103;MACRORREGIAO NORTE;51010;NORTE MATOGROSSENSE;510621;Nova Canaa do Norte;11.707;NORTE MATOGROSSENSE
5;Centro-Oeste;51;Mato Grosso;5103;MACRORREGIAO NORTE;51010;NORTE MATOGROSSENSE;510558;Marcelandia;11.396;NORTE MATOGROSSENSE
5;Centro-Oeste;51;Mato Grosso;5103;MACRORREGIAO NORTE;51010;NORTE MATOGROSSENSE;510455;Itauba;5.020;NORTE MATOGROSSENSE
5;Centro-Oeste;51;Mato Grosso;5103;MACRORREGIAO NORTE;51010;NORTE MATOGROSSENSE;510880;Nova Guarita;4.590;NORTE MATOGROSSENSE
5;Centro-Oeste;51;Mato Grosso;5103;MACRORREGIAO NORTE;51010;NORTE MATOGROSSENSE;510619;Nova Santa Helena;4.239;NORTE MATOGROSSENSE
5;Centro-Oeste;51;Mato Grosso;5102;MACRORREGIAO OESTE;51011;OESTE MATOGROSSENSE;510250;Caceres;89.681;OESTE MATOGROSSENSE
5;Centro-Oeste;51;Mato Grosso;5102;MACRORREGIAO OESTE;51011;OESTE MATOGROSSENSE;510562;Mirassol d'Oeste;26.785;OESTE MATOGROSSENSE
5;Centro-Oeste;51;Mato Grosso;5102;MACRORREGIAO OESTE;51011;OESTE MATOGROSSENSE;510710;Sao Jose dos Quatro Marcos;17.849;OESTE MATOGROSSENSE
5;Centro-Oeste;51;Mato Grosso;5102;MACRORREGIAO OESTE;51011;OESTE MATOGROSSENSE;510125;Araputanga;14.786;OESTE MATOGROSSENSE
5;Centro-Oeste;51;Mato Grosso;5102;MACRORREGIAO OESTE;51011;OESTE MATOGROSSENSE;510682;Porto Esperidiao;10.204;OESTE MATOGROSSENSE
5;Centro-Oeste;51;Mato Grosso;5102;MACRORREGIAO OESTE;51011;OESTE MATOGROSSENSE;510343;Curvelandia;4.903;OESTE MATOGROSSENSE
5;Centro-Oeste;51;Mato Grosso;5102;MACRORREGIAO OESTE;51011;OESTE MATOGROSSENSE;510523;Lambari D'Oeste;4.790;OESTE MATOGROSSENSE
5;Centro-Oeste;51;Mato Grosso;5102;MACRORREGIAO OESTE;51011;OESTE MATOGROSSENSE;510720;Rio Branco;4.535;OESTE MATOGROSSENSE
5;Centro-Oeste;51;Mato Grosso;5102;MACRORREGIAO OESTE;51011;OESTE MATOGROSSENSE;510775;Salto do Ceu;3.679;OESTE MATOGROSSENSE
5;Centro-Oeste;51;Mato Grosso;5102;MACRORREGIAO OESTE;51011;OESTE MATOGROSSENSE;510395;Gloria D'Oeste;2.905;OESTE MATOGROSSENSE
5;Centro-Oeste;51;Mato Grosso;5102;MACRORREGIAO OESTE;51011;OESTE MATOGROSSENSE;510450;Indiavai;2.213;OESTE MATOGROSSENSE
5;Centro-Oeste;51;Mato Grosso;5102;MACRORREGIAO OESTE;51011;OESTE MATOGROSSENSE;510715;Reserva do Cabacal;2.122;OESTE MATOGROSSENSE
5;Centro-Oeste;51;Mato Grosso;5102;MACRORREGIAO OESTE;51012;SUDOESTE MATOGROSSENSE;510675;Pontes e Lacerda;52.018;SUDOESTE MATOGROSSENSE
5;Centro-Oeste;51;Mato Grosso;5102;MACRORREGIAO OESTE;51012;SUDOESTE MATOGROSSENSE;510330;Comodoro;18.238;SUDOESTE MATOGROSSENSE
5;Centro-Oeste;51;Mato Grosso;5102;MACRORREGIAO OESTE;51012;SUDOESTE MATOGROSSENSE;510550;Vila Bela da Santissima Trindade;16.774;SUDOESTE MATOGROSSENSE
5;Centro-Oeste;51;Mato Grosso;5102;MACRORREGIAO OESTE;51012;SUDOESTE MATOGROSSENSE;510268;Campos de Julio;8.822;SUDOESTE MATOGROSSENSE
5;Centro-Oeste;51;Mato Grosso;5102;MACRORREGIAO OESTE;51012;SUDOESTE MATOGROSSENSE;510500;Jauru;8.367;SUDOESTE MATOGROSSENSE
5;Centro-Oeste;51;Mato Grosso;5102;MACRORREGIAO OESTE;51012;SUDOESTE MATOGROSSENSE;510618;Nova Lacerda;6.670;SUDOESTE MATOGROSSENSE
5;Centro-Oeste;51;Mato Grosso;5102;MACRORREGIAO OESTE;51012;SUDOESTE MATOGROSSENSE;510336;Conquista D'Oeste;3.760;SUDOESTE MATOGROSSENSE
5;Centro-Oeste;51;Mato Grosso;5102;MACRORREGIAO OESTE;51012;SUDOESTE MATOGROSSENSE;510757;Rondolandia;3.505;SUDOESTE MATOGROSSENSE
5;Centro-Oeste;51;Mato Grosso;5102;MACRORREGIAO OESTE;51012;SUDOESTE MATOGROSSENSE;510380;Figueiropolis D'Oeste;3.187;SUDOESTE MATOGROSSENSE
5;Centro-Oeste;51;Mato Grosso;5102;MACRORREGIAO OESTE;51012;SUDOESTE MATOGROSSENSE;510835;Vale de Sao Domingos;2.904;SUDOESTE MATOGROSSENSE
5;Centro-Oeste;51;Mato Grosso;5101;MACRORREGIAO SUL;51013;SUL MATOGROSSENSE;510760;Rondonopolis;244.911;SUL MATOGROSSENSE
5;Centro-Oeste;51;Mato Grosso;5101;MACRORREGIAO SUL;51013;SUL MATOGROSSENSE;510704;Primavera do Leste;85.146;SUL MATOGROSSENSE
5;Centro-Oeste;51;Mato Grosso;5101;MACRORREGIAO SUL;51013;SUL MATOGROSSENSE;510267;Campo Verde;44.585;SUL MATOGROSSENSE
5;Centro-Oeste;51;Mato Grosso;5101;MACRORREGIAO SUL;51013;SUL MATOGROSSENSE;510480;Jaciara;28.569;SUL MATOGROSSENSE
5;Centro-Oeste;51;Mato Grosso;5101;MACRORREGIAO SUL;51013;SUL MATOGROSSENSE;510630;Paranatinga;26.423;SUL MATOGROSSENSE
5;Centro-Oeste;51;Mato Grosso;5101;MACRORREGIAO SUL;51013;SUL MATOGROSSENSE;510700;Poxoreu;23.283;SUL MATOGROSSENSE
5;Centro-Oeste;51;Mato Grosso;5101;MACRORREGIAO SUL;51013;SUL MATOGROSSENSE;510637;Pedra Preta;18.066;SUL MATOGROSSENSE
5;Centro-Oeste;51;Mato Grosso;5101;MACRORREGIAO SUL;51013;SUL MATOGROSSENSE;510030;Alto Araguaia;17.193;SUL MATOGROSSENSE
5;Centro-Oeste;51;Mato Grosso;5101;MACRORREGIAO SUL;51013;SUL MATOGROSSENSE;510040;Alto Garcas;13.052;SUL MATOGROSSENSE
5;Centro-Oeste;51;Mato Grosso;5101;MACRORREGIAO SUL;51013;SUL MATOGROSSENSE;510460;Itiquira;12.236;SUL MATOGROSSENSE
5;Centro-Oeste;51;Mato Grosso;5101;MACRORREGIAO SUL;51013;SUL MATOGROSSENSE;510520;Juscimeira;11.480;SUL MATOGROSSENSE
5;Centro-Oeste;51;Mato Grosso;5101;MACRORREGIAO SUL;51013;SUL MATOGROSSENSE;510420;Guiratinga;10.966;SUL MATOGROSSENSE
5;Centro-Oeste;51;Mato Grosso;5101;MACRORREGIAO SUL;51013;SUL MATOGROSSENSE;510060;Alto Taquari;10.904;SUL MATOGROSSENSE
5;Centro-Oeste;51;Mato Grosso;5101;MACRORREGIAO SUL;51013;SUL MATOGROSSENSE;510360;Dom Aquino;7.872;SUL MATOGROSSENSE
5;Centro-Oeste;51;Mato Grosso;5101;MACRORREGIAO SUL;51013;SUL MATOGROSSENSE;510740;Sao Pedro da Cipa;4.191;SUL MATOGROSSENSE
5;Centro-Oeste;51;Mato Grosso;5101;MACRORREGIAO SUL;51013;SUL MATOGROSSENSE;510779;Santo Antonio do Leste;4.099;SUL MATOGROSSENSE
5;Centro-Oeste;51;Mato Grosso;5101;MACRORREGIAO SUL;51013;SUL MATOGROSSENSE;510810;Tesouro;3.025;SUL MATOGROSSENSE
5;Centro-Oeste;51;Mato Grosso;5101;MACRORREGIAO SUL;51013;SUL MATOGROSSENSE;510729;Sao Jose do Povo;2.875;SUL MATOGROSSENSE
5;Centro-Oeste;51;Mato Grosso;5101;MACRORREGIAO SUL;51013;SUL MATOGROSSENSE;510120;Araguainha;1.010;SUL MATOGROSSENSE
5;Centro-Oeste;51;Mato Grosso;5103;MACRORREGIAO NORTE;51014;TELES PIRES;510790;Sinop;196312;TELES PIRES
5;Centro-Oeste;51;Mato Grosso;5103;MACRORREGIAO NORTE;51014;TELES PIRES;510792;Sorriso;110.635;TELES PIRES
5;Centro-Oeste;51;Mato Grosso;5103;MACRORREGIAO NORTE;51014;TELES PIRES;510525;Lucas do Rio Verde;83.798;TELES PIRES
5;Centro-Oeste;51;Mato Grosso;5103;MACRORREGIAO NORTE;51014;TELES PIRES;510622;Nova Mutum;55.839;TELES PIRES
5;Centro-Oeste;51;Mato Grosso;5103;MACRORREGIAO NORTE;51014;TELES PIRES;510800;Tapurah;14.370;TELES PIRES
5;Centro-Oeste;51;Mato Grosso;5103;MACRORREGIAO NORTE;51014;TELES PIRES;510850;Vera;12.800;TELES PIRES
5;Centro-Oeste;51;Mato Grosso;5103;MACRORREGIAO NORTE;51014;TELES PIRES;510624;Nova Ubirata;11.530;TELES PIRES
5;Centro-Oeste;51;Mato Grosso;5103;MACRORREGIAO NORTE;51014;TELES PIRES;510370;Feliz Natal;10.521;TELES PIRES
5;Centro-Oeste;51;Mato Grosso;5103;MACRORREGIAO NORTE;51014;TELES PIRES;510305;Claudia;9.593;TELES PIRES
5;Centro-Oeste;51;Mato Grosso;5103;MACRORREGIAO NORTE;51014;TELES PIRES;510452;Ipiranga do Norte;7.815;TELES PIRES
5;Centro-Oeste;51;Mato Grosso;5103;MACRORREGIAO NORTE;51014;TELES PIRES;510454;Itanhanga;7.539;TELES PIRES
5;Centro-Oeste;51;Mato Grosso;5103;MACRORREGIAO NORTE;51014;TELES PIRES;510724;Santa Carmem;5.374;TELES PIRES
5;Centro-Oeste;51;Mato Grosso;5103;MACRORREGIAO NORTE;51014;TELES PIRES;510830;Uniao do Sul;3.838;TELES PIRES
5;Centro-Oeste;51;Mato Grosso;5103;MACRORREGIAO NORTE;51014;TELES PIRES;510776;Santa Rita do Trivelato;3.276;TELES PIRES
5;Centro-Oeste;51;Mato Grosso;5103;MACRORREGIAO NORTE;51014;TELES PIRES;510183;Boa Esperanca Do Norte;0;TELES PIRES
5;Centro-Oeste;51;Mato Grosso;5103;MACRORREGIAO NORTE;51015;VALE DO PEIXOTO;510642;Peixoto de Azevedo;32.714;VALE DO PEIXOTO
5;Centro-Oeste;51;Mato Grosso;5103;MACRORREGIAO NORTE;51015;VALE DO PEIXOTO;510410;Guaranta do Norte;31.024;VALE DO PEIXOTO
5;Centro-Oeste;51;Mato Grosso;5103;MACRORREGIAO NORTE;51015;VALE DO PEIXOTO;510560;Matupa;20.091;VALE DO PEIXOTO
5;Centro-Oeste;51;Mato Grosso;5103;MACRORREGIAO NORTE;51015;VALE DO PEIXOTO;510805;Terra Nova do Norte;10.616;VALE DO PEIXOTO
5;Centro-Oeste;51;Mato Grosso;5103;MACRORREGIAO NORTE;51015;VALE DO PEIXOTO;510626;Novo Mundo;6.520;VALE DO PEIXOTO
5;Centro-Oeste;51;Mato Grosso;5103;MACRORREGIAO NORTE;51016;VALE DOS ARINOS;510510;Juara;34.906;VALE DOS ARINOS
5;Centro-Oeste;51;Mato Grosso;5103;MACRORREGIAO NORTE;51016;VALE DOS ARINOS;510794;Tabapora;9.818;VALE DOS ARINOS
5;Centro-Oeste;51;Mato Grosso;5103;MACRORREGIAO NORTE;51016;VALE DOS ARINOS;510680;Porto dos Gauchos;5.593;VALE DOS ARINOS
5;Centro-Oeste;51;Mato Grosso;5103;MACRORREGIAO NORTE;51016;VALE DOS ARINOS;510627;Novo Horizonte do Norte;3.349;VALE DOS ARINOS
5;Centro-Oeste;52;Goias;5208;MACRORREGIAO CENTRO-OESTE;52001;CENTRAL;520870;Goiania;1.437.366;CENTRAL
5;Centro-Oeste;52;Goias;5208;MACRORREGIAO CENTRO-OESTE;52001;CENTRAL;522140;Trindade;142.431;CENTRAL
5;Centro-Oeste;52;Goias;5208;MACRORREGIAO CENTRO-OESTE;52001;CENTRAL;520880;Goianira;71.916;CENTRAL
5;Centro-Oeste;52;Goias;5208;MACRORREGIAO CENTRO-OESTE;52001;CENTRAL;521000;Inhumas;52.204;CENTRAL
5;Centro-Oeste;52;Goias;5208;MACRORREGIAO CENTRO-OESTE;52001;CENTRAL;521450;Neropolis;31.932;CENTRAL
5;Centro-Oeste;52;Goias;5208;MACRORREGIAO CENTRO-OESTE;52001;CENTRAL;520920;Guapo;19.545;CENTRAL
5;Centro-Oeste;52;Goias;5208;MACRORREGIAO CENTRO-OESTE;52001;CENTRAL;520005;Abadia de Goias;19.128;CENTRAL
5;Centro-Oeste;52;Goias;5208;MACRORREGIAO CENTRO-OESTE;52001;CENTRAL;520130;Anicuns;18.503;CENTRAL
5;Centro-Oeste;52;Goias;5208;MACRORREGIAO CENTRO-OESTE;52001;CENTRAL;521680;Petrolina de Goias;9.573;CENTRAL
5;Centro-Oeste;52;Goias;5208;MACRORREGIAO CENTRO-OESTE;52001;CENTRAL;521500;Nova Veneza;9.481;CENTRAL
5;Centro-Oeste;52;Goias;5208;MACRORREGIAO CENTRO-OESTE;52001;CENTRAL;521440;Nazario;8.189;CENTRAL
5;Centro-Oeste;52;Goias;5208;MACRORREGIAO CENTRO-OESTE;52001;CENTRAL;521140;Itaucu;7.736;CENTRAL
5;Centro-Oeste;52;Goias;5208;MACRORREGIAO CENTRO-OESTE;52001;CENTRAL;521973;Santo Antonio de Goias;7.386;CENTRAL
5;Centro-Oeste;52;Goias;5208;MACRORREGIAO CENTRO-OESTE;52001;CENTRAL;521990;Sao Francisco de Goias;6.378;CENTRAL
5;Centro-Oeste;52;Goias;5208;MACRORREGIAO CENTRO-OESTE;52001;CENTRAL;521910;Santa Barbara de Goias;6.149;CENTRAL
5;Centro-Oeste;52;Goias;5208;MACRORREGIAO CENTRO-OESTE;52001;CENTRAL;520520;Caturai;5.184;CENTRAL
5;Centro-Oeste;52;Goias;5208;MACRORREGIAO CENTRO-OESTE;52001;CENTRAL;521056;Itaguari;4.963;CENTRAL
5;Centro-Oeste;52;Goias;5208;MACRORREGIAO CENTRO-OESTE;52001;CENTRAL;521540;Ouro Verde de Goias;4.057;CENTRAL
5;Centro-Oeste;52;Goias;5208;MACRORREGIAO CENTRO-OESTE;52001;CENTRAL;522100;Taquaral de Goias;4.026;CENTRAL
5;Centro-Oeste;52;Goias;5208;MACRORREGIAO CENTRO-OESTE;52001;CENTRAL;520360;Brazabrantes;3.992;CENTRAL
5;Centro-Oeste;52;Goias;5208;MACRORREGIAO CENTRO-OESTE;52001;CENTRAL;520160;Aracu;3.799;CENTRAL
5;Centro-Oeste;52;Goias;5208;MACRORREGIAO CENTRO-OESTE;52001;CENTRAL;520460;Campestre de Goias;3.755;CENTRAL
5;Centro-Oeste;52;Goias;5208;MACRORREGIAO CENTRO-OESTE;52001;CENTRAL;520280;Avelinopolis;2.868;CENTRAL
5;Centro-Oeste;52;Goias;5208;MACRORREGIAO CENTRO-OESTE;52001;CENTRAL;521950;Santa Rosa de Goias;2.820;CENTRAL
5;Centro-Oeste;52;Goias;5208;MACRORREGIAO CENTRO-OESTE;52001;CENTRAL;520680;Damolandia;2.724;CENTRAL
5;Centro-Oeste;52;Goias;5208;MACRORREGIAO CENTRO-OESTE;52001;CENTRAL;521205;Jesupolis;2.123;CENTRAL
5;Centro-Oeste;52;Goias;5210;MACRORREGIAO CENTRO SUDESTE;52002;CENTRO SUL;520140;Aparecida de Goiania;527.796;CENTRO SUL
5;Centro-Oeste;52;Goias;5210;MACRORREGIAO CENTRO SUDESTE;52002;CENTRO SUL;522045;Senador Canedo;155.635;CENTRO SUL
5;Centro-Oeste;52;Goias;5210;MACRORREGIAO CENTRO SUDESTE;52002;CENTRO SUL;520330;Bela Vista de Goias;34.445;CENTRO SUL
5;Centro-Oeste;52;Goias;5210;MACRORREGIAO CENTRO SUDESTE;52002;CENTRO SUL;520970;Hidrolandia;27.742;CENTRO SUL
5;Centro-Oeste;52;Goias;5210;MACRORREGIAO CENTRO SUDESTE;52002;CENTRO SUL;521710;Piracanjuba;24.883;CENTRO SUL
5;Centro-Oeste;52;Goias;5210;MACRORREGIAO CENTRO SUDESTE;52002;CENTRO SUL;522060;Silvania;22.245;CENTRO SUL
5;Centro-Oeste;52;Goias;5210;MACRORREGIAO CENTRO SUDESTE;52002;CENTRO SUL;521770;Pontalina;18.309;CENTRO SUL
5;Centro-Oeste;52;Goias;5210;MACRORREGIAO CENTRO SUDESTE;52002;CENTRO SUL;520995;Indiara;17.061;CENTRO SUL
5;Centro-Oeste;52;Goias;5210;MACRORREGIAO CENTRO SUDESTE;52002;CENTRO SUL;521530;Orizona;16.399;CENTRO SUL
5;Centro-Oeste;52;Goias;5210;MACRORREGIAO CENTRO SUDESTE;52002;CENTRO SUL;522200;Vianopolis;14.956;CENTRO SUL
5;Centro-Oeste;52;Goias;5210;MACRORREGIAO CENTRO SUDESTE;52002;CENTRO SUL;520180;Aragoiania;11.890;CENTRO SUL
5;Centro-Oeste;52;Goias;5210;MACRORREGIAO CENTRO SUDESTE;52002;CENTRO SUL;520740;Edeia;11.747;CENTRO SUL
5;Centro-Oeste;52;Goias;5210;MACRORREGIAO CENTRO SUDESTE;52002;CENTRO SUL;520355;Bonfinopolis;10.296;CENTRO SUL
5;Centro-Oeste;52;Goias;5210;MACRORREGIAO CENTRO SUDESTE;52002;CENTRO SUL;522205;Vicentinopolis;8.768;CENTRO SUL
5;Centro-Oeste;52;Goias;5210;MACRORREGIAO CENTRO SUDESTE;52002;CENTRO SUL;521230;Leopoldo de Bulhoes;8.745;CENTRO SUL
5;Centro-Oeste;52;Goias;5210;MACRORREGIAO CENTRO SUDESTE;52002;CENTRO SUL;520545;Cezarina;8.090;CENTRO SUL
5;Centro-Oeste;52;Goias;5210;MACRORREGIAO CENTRO SUDESTE;52002;CENTRO SUL;521170;Jandaia;6.272;CENTRO SUL
5;Centro-Oeste;52;Goias;5210;MACRORREGIAO CENTRO SUDESTE;52002;CENTRO SUL;520455;Caldazinha;4.507;CENTRO SUL
5;Centro-Oeste;52;Goias;5210;MACRORREGIAO CENTRO SUDESTE;52002;CENTRO SUL;522026;Sao Miguel do Passa Quatro;4.464;CENTRO SUL
5;Centro-Oeste;52;Goias;5210;MACRORREGIAO CENTRO SUDESTE;52002;CENTRO SUL;520735;Edealina;4.001;CENTRO SUL
5;Centro-Oeste;52;Goias;5210;MACRORREGIAO CENTRO SUDESTE;52002;CENTRO SUL;520650;Crominia;3.883;CENTRO SUL
5;Centro-Oeste;52;Goias;5210;MACRORREGIAO CENTRO SUDESTE;52002;CENTRO SUL;522190;Varjao;3.716;CENTRO SUL
5;Centro-Oeste;52;Goias;5210;MACRORREGIAO CENTRO SUDESTE;52002;CENTRO SUL;521839;Professor Jamil;3.649;CENTRO SUL
5;Centro-Oeste;52;Goias;5210;MACRORREGIAO CENTRO SUDESTE;52002;CENTRO SUL;520630;Cristianopolis;3.504;CENTRO SUL
5;Centro-Oeste;52;Goias;5210;MACRORREGIAO CENTRO SUDESTE;52002;CENTRO SUL;521260;Mairipotaba;2.561;CENTRO SUL
5;Centro-Oeste;52;Goias;5207;MACRORREGIAO NORDESTE;52003;ENTORNO NORTE;520800;Formosa;115.901;ENTORNO NORTE
5;Centro-Oeste;52;Goias;5207;MACRORREGIAO NORDESTE;52003;ENTORNO NORTE;521760;Planaltina;105.031;ENTORNO NORTE
5;Centro-Oeste;52;Goias;5207;MACRORREGIAO NORDESTE;52003;ENTORNO NORTE;522000;Sao Joao d'Alianca;14.041;ENTORNO NORTE
5;Centro-Oeste;52;Goias;5207;MACRORREGIAO NORDESTE;52003;ENTORNO NORTE;520790;Flores de Goias;13.744;ENTORNO NORTE
5;Centro-Oeste;52;Goias;5207;MACRORREGIAO NORDESTE;52003;ENTORNO NORTE;520060;Alto Paraiso de Goias;10.306;ENTORNO NORTE
5;Centro-Oeste;52;Goias;5207;MACRORREGIAO NORDESTE;52003;ENTORNO NORTE;520400;Cabeceiras;7.560;ENTORNO NORTE
5;Centro-Oeste;52;Goias;5207;MACRORREGIAO NORDESTE;52003;ENTORNO NORTE;520017;Agua Fria de Goias;4.954;ENTORNO NORTE
5;Centro-Oeste;52;Goias;5207;MACRORREGIAO NORDESTE;52003;ENTORNO NORTE;522220;Vila Boa;4.215;ENTORNO NORTE
5;Centro-Oeste;52;Goias;5207;MACRORREGIAO NORDESTE;52004;ENTORNO SUL;520025;Aguas Lindas de Goias;225.693;ENTORNO SUL
5;Centro-Oeste;52;Goias;5207;MACRORREGIAO NORDESTE;52004;ENTORNO SUL;521250;Luziania;209.129;ENTORNO SUL
5;Centro-Oeste;52;Goias;5207;MACRORREGIAO NORDESTE;52004;ENTORNO SUL;522185;Valparaiso de Goias;198.861;ENTORNO SUL
5;Centro-Oeste;52;Goias;5207;MACRORREGIAO NORDESTE;52004;ENTORNO SUL;521523;Novo Gama;103.804;ENTORNO SUL
5;Centro-Oeste;52;Goias;5207;MACRORREGIAO NORDESTE;52004;ENTORNO SUL;520549;Cidade Ocidental;91.767;ENTORNO SUL
5;Centro-Oeste;52;Goias;5207;MACRORREGIAO NORDESTE;52004;ENTORNO SUL;521975;Santo Antonio do Descoberto;72.127;ENTORNO SUL
5;Centro-Oeste;52;Goias;5207;MACRORREGIAO NORDESTE;52004;ENTORNO SUL;520620;Cristalina;62.337;ENTORNO SUL
5;Centro-Oeste;52;Goias;5210;MACRORREGIAO CENTRO SUDESTE;52005;ESTRADA DE FERRO;520510;Catalao;114427;ESTRADA DE FERRO
5;Centro-Oeste;52;Goias;5210;MACRORREGIAO CENTRO SUDESTE;52005;ESTRADA DE FERRO;520450;Caldas Novas;98.622;ESTRADA DE FERRO
5;Centro-Oeste;52;Goias;5210;MACRORREGIAO CENTRO SUDESTE;52005;ESTRADA DE FERRO;521740;Pires do Rio;32.373;ESTRADA DE FERRO
5;Centro-Oeste;52;Goias;5210;MACRORREGIAO CENTRO SUDESTE;52005;ESTRADA DE FERRO;521010;Ipameri;25.548;ESTRADA DE FERRO
5;Centro-Oeste;52;Goias;5210;MACRORREGIAO CENTRO SUDESTE;52005;ESTRADA DE FERRO;520590;Corumbaiba;9.164;ESTRADA DE FERRO
5;Centro-Oeste;52;Goias;5210;MACRORREGIAO CENTRO SUDESTE;52005;ESTRADA DE FERRO;520480;Campo Alegre de Goias;7.422;ESTRADA DE FERRO
5;Centro-Oeste;52;Goias;5210;MACRORREGIAO CENTRO SUDESTE;52005;ESTRADA DE FERRO;521550;Ouvidor;7.200;ESTRADA DE FERRO
5;Centro-Oeste;52;Goias;5210;MACRORREGIAO CENTRO SUDESTE;52005;ESTRADA DE FERRO;520850;Goiandira;4.973;ESTRADA DE FERRO
5;Centro-Oeste;52;Goias;5210;MACRORREGIAO CENTRO SUDESTE;52005;ESTRADA DE FERRO;521878;Rio Quente;3.864;ESTRADA DE FERRO
5;Centro-Oeste;52;Goias;5210;MACRORREGIAO CENTRO SUDESTE;52005;ESTRADA DE FERRO;522180;Urutai;3.553;ESTRADA DE FERRO
5;Centro-Oeste;52;Goias;5210;MACRORREGIAO CENTRO SUDESTE;52005;ESTRADA DE FERRO;521920;Santa Cruz de Goias;3.002;ESTRADA DE FERRO
5;Centro-Oeste;52;Goias;5210;MACRORREGIAO CENTRO SUDESTE;52005;ESTRADA DE FERRO;520660;Cumari;2.927;ESTRADA DE FERRO
5;Centro-Oeste;52;Goias;5210;MACRORREGIAO CENTRO SUDESTE;52005;ESTRADA DE FERRO;522130;Tres Ranchos;2.921;ESTRADA DE FERRO
5;Centro-Oeste;52;Goias;5210;MACRORREGIAO CENTRO SUDESTE;52005;ESTRADA DE FERRO;521290;Marzagao;2.758;ESTRADA DE FERRO
5;Centro-Oeste;52;Goias;5210;MACRORREGIAO CENTRO SUDESTE;52005;ESTRADA DE FERRO;521580;Palmelo;2.259;ESTRADA DE FERRO
5;Centro-Oeste;52;Goias;5210;MACRORREGIAO CENTRO SUDESTE;52005;ESTRADA DE FERRO;521480;Nova Aurora;2.101;ESTRADA DE FERRO
5;Centro-Oeste;52;Goias;5210;MACRORREGIAO CENTRO SUDESTE;52005;ESTRADA DE FERRO;520690;Davinopolis;1.902;ESTRADA DE FERRO
5;Centro-Oeste;52;Goias;5210;MACRORREGIAO CENTRO SUDESTE;52005;ESTRADA DE FERRO;520120;Anhanguera;924;ESTRADA DE FERRO
5;Centro-Oeste;52;Goias;5207;MACRORREGIAO NORDESTE;52006;NORDESTE I;520490;Campos Belos;18.108;NORDESTE I
5;Centro-Oeste;52;Goias;5207;MACRORREGIAO NORDESTE;52006;NORDESTE I;520530;Cavalcante;9.583;NORDESTE I
5;Centro-Oeste;52;Goias;5207;MACRORREGIAO NORDESTE;52006;NORDESTE I;521350;Monte Alegre de Goias;6.692;NORDESTE I
5;Centro-Oeste;52;Goias;5207;MACRORREGIAO NORDESTE;52006;NORDESTE I;520830;Divinopolis de Goias;4.457;NORDESTE I
5;Centro-Oeste;52;Goias;5207;MACRORREGIAO NORDESTE;52006;NORDESTE I;522108;Teresina de Goias;2.701;NORDESTE I
5;Centro-Oeste;52;Goias;5207;MACRORREGIAO NORDESTE;52007;NORDESTE II;521830;Posse;34.914;NORDESTE II
5;Centro-Oeste;52;Goias;5207;MACRORREGIAO NORDESTE;52007;NORDESTE II;520990;Iaciara;10.584;NORDESTE II
5;Centro-Oeste;52;Goias;5207;MACRORREGIAO NORDESTE;52007;NORDESTE II;521980;Sao Domingos;9.711;NORDESTE II
5;Centro-Oeste;52;Goias;5207;MACRORREGIAO NORDESTE;52007;NORDESTE II;520080;Alvorada do Norte;8.446;NORDESTE II
5;Centro-Oeste;52;Goias;5207;MACRORREGIAO NORDESTE;52007;NORDESTE II;521270;Mambai;8.124;NORDESTE II
5;Centro-Oeste;52;Goias;5207;MACRORREGIAO NORDESTE;52007;NORDESTE II;522068;Simolandia;5.742;NORDESTE II
5;Centro-Oeste;52;Goias;5207;MACRORREGIAO NORDESTE;52007;NORDESTE II;520940;Guarani de Goias;4.085;NORDESTE II
5;Centro-Oeste;52;Goias;5207;MACRORREGIAO NORDESTE;52007;NORDESTE II;520670;Damianopolis;3.770;NORDESTE II
5;Centro-Oeste;52;Goias;5207;MACRORREGIAO NORDESTE;52007;NORDESTE II;520396;Buritinopolis;3.145;NORDESTE II
5;Centro-Oeste;52;Goias;5207;MACRORREGIAO NORDESTE;52007;NORDESTE II;521490;Nova Roma;3.076;NORDESTE II
5;Centro-Oeste;52;Goias;5207;MACRORREGIAO NORDESTE;52007;NORDESTE II;522070;Sitio d'Abadia;2.927;NORDESTE II
5;Centro-Oeste;52;Goias;5209;MACRORREGIAO CENTRO-NORTE;52008;NORTE;521800;Porangatu;44.317;NORTE
5;Centro-Oeste;52;Goias;5209;MACRORREGIAO CENTRO-NORTE;52008;NORTE;521308;Minacu;27.075;NORTE
5;Centro-Oeste;52;Goias;5209;MACRORREGIAO CENTRO-NORTE;52008;NORTE;522020;Sao Miguel do Araguaia;21.900;NORTE
5;Centro-Oeste;52;Goias;5209;MACRORREGIAO CENTRO-NORTE;52008;NORTE;521405;Mundo Novo;6.189;NORTE
5;Centro-Oeste;52;Goias;5209;MACRORREGIAO CENTRO-NORTE;52008;NORTE;520810;Formoso;4.660;NORTE
5;Centro-Oeste;52;Goias;5209;MACRORREGIAO CENTRO-NORTE;52008;NORTE;521377;Montividiu do Norte;3.779;NORTE
5;Centro-Oeste;52;Goias;5209;MACRORREGIAO CENTRO-NORTE;52008;NORTE;521525;Novo Planalto;3.716;NORTE
5;Centro-Oeste;52;Goias;5209;MACRORREGIAO CENTRO-NORTE;52008;NORTE;520465;Campinacu;3.708;NORTE
5;Centro-Oeste;52;Goias;5209;MACRORREGIAO CENTRO-NORTE;52008;NORTE;521410;Mutunopolis;3.564;NORTE
5;Centro-Oeste;52;Goias;5209;MACRORREGIAO CENTRO-NORTE;52008;NORTE;520357;Bonopolis;3.299;NORTE
5;Centro-Oeste;52;Goias;5209;MACRORREGIAO CENTRO-NORTE;52008;NORTE;521960;Santa Tereza de Goias;3.293;NORTE
5;Centro-Oeste;52;Goias;5209;MACRORREGIAO CENTRO-NORTE;52008;NORTE;520750;Estrela do Norte;3.205;NORTE
5;Centro-Oeste;52;Goias;5209;MACRORREGIAO CENTRO-NORTE;52008;NORTE;522145;Trombas;3.120;NORTE
5;Centro-Oeste;52;Goias;5208;MACRORREGIAO CENTRO-OESTE;52009;OESTE I;521020;Ipora;35.684;OESTE I
5;Centro-Oeste;52;Goias;5208;MACRORREGIAO CENTRO-OESTE;52009;OESTE I;520170;Aragarcas;18.390;OESTE I
5;Centro-Oeste;52;Goias;5208;MACRORREGIAO CENTRO-OESTE;52009;OESTE I;521720;Piranhas;11.712;OESTE I
5;Centro-Oeste;52;Goias;5208;MACRORREGIAO CENTRO-OESTE;52009;OESTE I;521370;Montes Claros de Goias;8.756;OESTE I
5;Centro-Oeste;52;Goias;5208;MACRORREGIAO CENTRO-OESTE;52009;OESTE I;520340;Bom Jardim de Goias;7.826;OESTE I
5;Centro-Oeste;52;Goias;5208;MACRORREGIAO CENTRO-OESTE;52009;OESTE I;520760;Fazenda Nova;5.877;OESTE I
5;Centro-Oeste;52;Goias;5208;MACRORREGIAO CENTRO-OESTE;52009;OESTE I;521520;Novo Brasil;3.527;OESTE I
5;Centro-Oeste;52;Goias;5208;MACRORREGIAO CENTRO-OESTE;52009;OESTE I;520310;Baliza;3.351;OESTE I
5;Centro-Oeste;52;Goias;5208;MACRORREGIAO CENTRO-OESTE;52009;OESTE I;521565;Palestina de Goias;3.132;OESTE I
5;Centro-Oeste;52;Goias;5208;MACRORREGIAO CENTRO-OESTE;52009;OESTE I;520090;Amorinopolis;3.007;OESTE I
5;Centro-Oeste;52;Goias;5208;MACRORREGIAO CENTRO-OESTE;52009;OESTE I;520235;Arenopolis;2.946;OESTE I
5;Centro-Oeste;52;Goias;5208;MACRORREGIAO CENTRO-OESTE;52009;OESTE I;521200;Jaupaci;2.924;OESTE I
5;Centro-Oeste;52;Goias;5208;MACRORREGIAO CENTRO-OESTE;52009;OESTE I;521160;Ivolandia;2.693;OESTE I
5;Centro-Oeste;52;Goias;5208;MACRORREGIAO CENTRO-OESTE;52009;OESTE I;521030;Israelandia;2.560;OESTE I
5;Centro-Oeste;52;Goias;5208;MACRORREGIAO CENTRO-OESTE;52009;OESTE I;520710;Diorama;2.062;OESTE I
5;Centro-Oeste;52;Goias;5208;MACRORREGIAO CENTRO-OESTE;52009;OESTE I;521340;Moipora;1.685;OESTE I
5;Centro-Oeste;52;Goias;5208;MACRORREGIAO CENTRO-OESTE;52010;OESTE II;522010;Sao Luis de Montes Belos;33.852;OESTE II
5;Centro-Oeste;52;Goias;5208;MACRORREGIAO CENTRO-OESTE;52010;OESTE II;521570;Palmeiras de Goias;31.858;OESTE II
5;Centro-Oeste;52;Goias;5208;MACRORREGIAO CENTRO-OESTE;52010;OESTE II;521640;Parauna;10.659;OESTE II
5;Centro-Oeste;52;Goias;5208;MACRORREGIAO CENTRO-OESTE;52010;OESTE II;520780;Firminopolis;10.419;OESTE II
5;Centro-Oeste;52;Goias;5208;MACRORREGIAO CENTRO-OESTE;52010;OESTE II;521900;Sanclerlandia;7.918;OESTE II
5;Centro-Oeste;52;Goias;5208;MACRORREGIAO CENTRO-OESTE;52010;OESTE II;522150;Turvania;4.480;OESTE II
5;Centro-Oeste;52;Goias;5208;MACRORREGIAO CENTRO-OESTE;52010;OESTE II;521590;Palminopolis;3.851;OESTE II
5;Centro-Oeste;52;Goias;5208;MACRORREGIAO CENTRO-OESTE;52010;OESTE II;520260;Aurilandia;3.284;OESTE II
5;Centro-Oeste;52;Goias;5208;MACRORREGIAO CENTRO-OESTE;52010;OESTE II;520393;Buriti de Goias;2.732;OESTE II
5;Centro-Oeste;52;Goias;5208;MACRORREGIAO CENTRO-OESTE;52010;OESTE II;520570;Corrego do Ouro;2.454;OESTE II
5;Centro-Oeste;52;Goias;5208;MACRORREGIAO CENTRO-OESTE;52010;OESTE II;520015;Adelandia;2.297;OESTE II
5;Centro-Oeste;52;Goias;5208;MACRORREGIAO CENTRO-OESTE;52010;OESTE II;522005;Sao Joao da Parauna;1.774;OESTE II
5;Centro-Oeste;52;Goias;5208;MACRORREGIAO CENTRO-OESTE;52010;OESTE II;520420;Cachoeira de Goias;1.405;OESTE II
5;Centro-Oeste;52;Goias;5209;MACRORREGIAO CENTRO-NORTE;52011;PIRINEUS;520110;Anapolis;398.869;PIRINEUS
5;Centro-Oeste;52;Goias;5209;MACRORREGIAO CENTRO-NORTE;52011;PIRINEUS;520030;Alexania;27.008;PIRINEUS
5;Centro-Oeste;52;Goias;5209;MACRORREGIAO CENTRO-NORTE;52011;PIRINEUS;521730;Pirenopolis;26.690;PIRINEUS
5;Centro-Oeste;52;Goias;5209;MACRORREGIAO CENTRO-NORTE;52011;PIRINEUS;520551;Cocalzinho de Goias;25.016;PIRINEUS
5;Centro-Oeste;52;Goias;5209;MACRORREGIAO CENTRO-NORTE;52011;PIRINEUS;520010;Abadiania;17.232;PIRINEUS
5;Centro-Oeste;52;Goias;5209;MACRORREGIAO CENTRO-NORTE;52011;PIRINEUS;520840;Goianapolis;13.967;PIRINEUS
5;Centro-Oeste;52;Goias;5209;MACRORREGIAO CENTRO-NORTE;52011;PIRINEUS;520580;Corumba de Goias;10.562;PIRINEUS
5;Centro-Oeste;52;Goias;5209;MACRORREGIAO CENTRO-NORTE;52011;PIRINEUS;520485;Campo Limpo de Goias;8.081;PIRINEUS
5;Centro-Oeste;52;Goias;5209;MACRORREGIAO CENTRO-NORTE;52011;PIRINEUS;522119;Terezopolis de Goias;7.944;PIRINEUS
5;Centro-Oeste;52;Goias;5209;MACRORREGIAO CENTRO-NORTE;52011;PIRINEUS;520815;Gameleira de Goias;3.456;PIRINEUS
5;Centro-Oeste;52;Goias;5208;MACRORREGIAO CENTRO-OESTE;52012;RIO VERMELHO;521040;Itaberai;44.734;RIO VERMELHO
5;Centro-Oeste;52;Goias;5208;MACRORREGIAO CENTRO-OESTE;52012;RIO VERMELHO;521120;Itapuranga;26.113;RIO VERMELHO
5;Centro-Oeste;52;Goias;5208;MACRORREGIAO CENTRO-OESTE;52012;RIO VERMELHO;520890;Goias;24.071;RIO VERMELHO
5;Centro-Oeste;52;Goias;5208;MACRORREGIAO CENTRO-OESTE;52012;RIO VERMELHO;521220;Jussara;19.620;RIO VERMELHO
5;Centro-Oeste;52;Goias;5208;MACRORREGIAO CENTRO-OESTE;52012;RIO VERMELHO;521400;Mozarlandia;14.750;RIO VERMELHO
5;Centro-Oeste;52;Goias;5208;MACRORREGIAO CENTRO-OESTE;52012;RIO VERMELHO;521483;Nova Crixas;12.815;RIO VERMELHO
5;Centro-Oeste;52;Goias;5208;MACRORREGIAO CENTRO-OESTE;52012;RIO VERMELHO;520250;Aruana;8.300;RIO VERMELHO
5;Centro-Oeste;52;Goias;5208;MACRORREGIAO CENTRO-OESTE;52012;RIO VERMELHO;521100;Itapirapua;8.007;RIO VERMELHO
5;Centro-Oeste;52;Goias;5208;MACRORREGIAO CENTRO-OESTE;52012;RIO VERMELHO;520215;Araguapaz;7.153;RIO VERMELHO
5;Centro-Oeste;52;Goias;5208;MACRORREGIAO CENTRO-OESTE;52012;RIO VERMELHO;520753;Faina;7.070;RIO VERMELHO
5;Centro-Oeste;52;Goias;5208;MACRORREGIAO CENTRO-OESTE;52012;RIO VERMELHO;520380;Britania;5.695;RIO VERMELHO
5;Centro-Oeste;52;Goias;5208;MACRORREGIAO CENTRO-OESTE;52012;RIO VERMELHO;520085;Americano do Brasil;5.259;RIO VERMELHO
5;Centro-Oeste;52;Goias;5208;MACRORREGIAO CENTRO-OESTE;52012;RIO VERMELHO;521925;Santa Fe de Goias;4.951;RIO VERMELHO
5;Centro-Oeste;52;Goias;5208;MACRORREGIAO CENTRO-OESTE;52012;RIO VERMELHO;521390;Mossamedes;4.654;RIO VERMELHO
5;Centro-Oeste;52;Goias;5208;MACRORREGIAO CENTRO-OESTE;52012;RIO VERMELHO;521295;Matrincha;4.042;RIO VERMELHO
5;Centro-Oeste;52;Goias;5208;MACRORREGIAO CENTRO-OESTE;52012;RIO VERMELHO;520960;Heitorai;3.354;RIO VERMELHO
5;Centro-Oeste;52;Goias;5208;MACRORREGIAO CENTRO-OESTE;52012;RIO VERMELHO;520929;Guaraita;2.188;RIO VERMELHO
5;Centro-Oeste;52;Goias;5209;MACRORREGIAO CENTRO-NORTE;52013;SAO PATRICIO I;520540;Ceres;22.046;SAO PATRICIO I
5;Centro-Oeste;52;Goias;5209;MACRORREGIAO CENTRO-NORTE;52013;SAO PATRICIO I;521090;Itapaci;21.087;SAO PATRICIO I
5;Centro-Oeste;52;Goias;5209;MACRORREGIAO CENTRO-NORTE;52013;SAO PATRICIO I;521890;Rubiataba;19.788;SAO PATRICIO I
5;Centro-Oeste;52;Goias;5209;MACRORREGIAO CENTRO-NORTE;52013;SAO PATRICIO I;520640;Crixas;17.065;SAO PATRICIO I
5;Centro-Oeste;52;Goias;5209;MACRORREGIAO CENTRO-NORTE;52013;SAO PATRICIO I;522170;Uruana;13.729;SAO PATRICIO I
5;Centro-Oeste;52;Goias;5209;MACRORREGIAO CENTRO-NORTE;52013;SAO PATRICIO I;521860;Rialma;12.165;SAO PATRICIO I
5;Centro-Oeste;52;Goias;5209;MACRORREGIAO CENTRO-NORTE;52013;SAO PATRICIO I;521970;Santa Terezinha de Goias;10.645;SAO PATRICIO I
5;Centro-Oeste;52;Goias;5209;MACRORREGIAO CENTRO-NORTE;52013;SAO PATRICIO I;520500;Carmo do Rio Verde;9.710;SAO PATRICIO I
5;Centro-Oeste;52;Goias;5209;MACRORREGIAO CENTRO-NORTE;52013;SAO PATRICIO I;521486;Nova Gloria;8.310;SAO PATRICIO I
5;Centro-Oeste;52;Goias;5209;MACRORREGIAO CENTRO-NORTE;52013;SAO PATRICIO I;522015;Sao Luiz do Norte;4.837;SAO PATRICIO I
5;Centro-Oeste;52;Goias;5209;MACRORREGIAO CENTRO-NORTE;52013;SAO PATRICIO I;520495;Campos Verdes;4.005;SAO PATRICIO I
5;Centro-Oeste;52;Goias;5209;MACRORREGIAO CENTRO-NORTE;52013;SAO PATRICIO I;521870;Rianapolis;3.980;SAO PATRICIO I
5;Centro-Oeste;52;Goias;5209;MACRORREGIAO CENTRO-NORTE;52013;SAO PATRICIO I;521935;Santa Isabel;3.538;SAO PATRICIO I
5;Centro-Oeste;52;Goias;5209;MACRORREGIAO CENTRO-NORTE;52013;SAO PATRICIO I;521015;Ipiranga de Goias;2.919;SAO PATRICIO I
5;Centro-Oeste;52;Goias;5209;MACRORREGIAO CENTRO-NORTE;52013;SAO PATRICIO I;522157;Uirapuru;2.798;SAO PATRICIO I
5;Centro-Oeste;52;Goias;5209;MACRORREGIAO CENTRO-NORTE;52013;SAO PATRICIO I;521385;Morro Agudo de Goias;2.456;SAO PATRICIO I
5;Centro-Oeste;52;Goias;5209;MACRORREGIAO CENTRO-NORTE;52013;SAO PATRICIO I;521470;Nova America;2.337;SAO PATRICIO I
5;Centro-Oeste;52;Goias;5209;MACRORREGIAO CENTRO-NORTE;52013;SAO PATRICIO I;521690;Pilar de Goias;2.328;SAO PATRICIO I
5;Centro-Oeste;52;Goias;5209;MACRORREGIAO CENTRO-NORTE;52013;SAO PATRICIO I;520945;Guarinos;2.161;SAO PATRICIO I
5;Centro-Oeste;52;Goias;5209;MACRORREGIAO CENTRO-NORTE;52013;SAO PATRICIO I;522028;Sao Patricio;2.143;SAO PATRICIO I
5;Centro-Oeste;52;Goias;5209;MACRORREGIAO CENTRO-NORTE;52014;SERRA DA MESA;522160;Uruacu;42.546;SERRA DA MESA
5;Centro-Oeste;52;Goias;5209;MACRORREGIAO CENTRO-NORTE;52014;SERRA DA MESA;521460;Niquelandia;34.964;SERRA DA MESA
5;Centro-Oeste;52;Goias;5209;MACRORREGIAO CENTRO-NORTE;52014;SERRA DA MESA;520470;Campinorte;12.510;SERRA DA MESA
5;Centro-Oeste;52;Goias;5209;MACRORREGIAO CENTRO-NORTE;52014;SERRA DA MESA;521280;Mara Rosa;10.700;SERRA DA MESA
5;Centro-Oeste;52;Goias;5209;MACRORREGIAO CENTRO-NORTE;52014;SERRA DA MESA;520055;Alto Horizonte;6.072;SERRA DA MESA
5;Centro-Oeste;52;Goias;5209;MACRORREGIAO CENTRO-NORTE;52014;SERRA DA MESA;520552;Colinas do Sul;4.030;SERRA DA MESA
5;Centro-Oeste;52;Goias;5209;MACRORREGIAO CENTRO-NORTE;52014;SERRA DA MESA;520980;Hidrolina;3.545;SERRA DA MESA
5;Centro-Oeste;52;Goias;5209;MACRORREGIAO CENTRO-NORTE;52014;SERRA DA MESA;520082;Amaralina;3.268;SERRA DA MESA
5;Centro-Oeste;52;Goias;5209;MACRORREGIAO CENTRO-NORTE;52014;SERRA DA MESA;521487;Nova Iguacu de Goias;3.010;SERRA DA MESA
5;Centro-Oeste;52;Goias;5206;MACRORREGIAO SUDOESTE;52015;SUDOESTE I;521880;Rio Verde;225.696;SUDOESTE I
5;Centro-Oeste;52;Goias;5206;MACRORREGIAO SUDOESTE;52015;SUDOESTE I;521850;Quirinopolis;48.447;SUDOESTE I
5;Centro-Oeste;52;Goias;5206;MACRORREGIAO SUDOESTE;52015;SUDOESTE I;521930;Santa Helena de Goias;38.492;SUDOESTE I
5;Centro-Oeste;52;Goias;5206;MACRORREGIAO SUDOESTE;52015;SUDOESTE I;520013;Acreuna;21.568;SUDOESTE I
5;Centro-Oeste;52;Goias;5206;MACRORREGIAO SUDOESTE;52015;SUDOESTE I;522040;Sao Simao;17.020;SUDOESTE I
5;Centro-Oeste;52;Goias;5206;MACRORREGIAO SUDOESTE;52015;SUDOESTE I;520430;Cacu;13.774;SUDOESTE I
5;Centro-Oeste;52;Goias;5206;MACRORREGIAO SUDOESTE;52015;SUDOESTE I;521375;Montividiu;12.521;SUDOESTE I
5;Centro-Oeste;52;Goias;5206;MACRORREGIAO SUDOESTE;52015;SUDOESTE I;520410;Cachoeira Alta;11.513;SUDOESTE I
5;Centro-Oeste;52;Goias;5206;MACRORREGIAO SUDOESTE;52015;SUDOESTE I;521300;Maurilandia;10.304;SUDOESTE I
5;Centro-Oeste;52;Goias;5206;MACRORREGIAO SUDOESTE;52015;SUDOESTE I;521630;Paranaiguara;7.607;SUDOESTE I
5;Centro-Oeste;52;Goias;5206;MACRORREGIAO SUDOESTE;52015;SUDOESTE I;521130;Itaruma;6.101;SUDOESTE I
5;Centro-Oeste;52;Goias;5206;MACRORREGIAO SUDOESTE;52015;SUDOESTE I;522155;Turvelandia;4.985;SUDOESTE I
5;Centro-Oeste;52;Goias;5206;MACRORREGIAO SUDOESTE;52015;SUDOESTE I;521080;Itaja;4.380;SUDOESTE I
5;Centro-Oeste;52;Goias;5206;MACRORREGIAO SUDOESTE;52015;SUDOESTE I;521971;Santo Antonio da Barra;4.267;SUDOESTE I
5;Centro-Oeste;52;Goias;5206;MACRORREGIAO SUDOESTE;52015;SUDOESTE I;521805;Porteirao;4.070;SUDOESTE I
5;Centro-Oeste;52;Goias;5206;MACRORREGIAO SUDOESTE;52015;SUDOESTE I;520505;Castelandia;2.985;SUDOESTE I
5;Centro-Oeste;52;Goias;5206;MACRORREGIAO SUDOESTE;52015;SUDOESTE I;520145;Aparecida do Rio Doce;2.907;SUDOESTE I
5;Centro-Oeste;52;Goias;5206;MACRORREGIAO SUDOESTE;52015;SUDOESTE I;521225;Lagoa Santa;1.390;SUDOESTE I
5;Centro-Oeste;52;Goias;5206;MACRORREGIAO SUDOESTE;52016;SUDOESTE II;521190;Jatai;105.729;SUDOESTE II
5;Centro-Oeste;52;Goias;5206;MACRORREGIAO SUDOESTE;52016;SUDOESTE II;521310;Mineiros;70.081;SUDOESTE II
5;Centro-Oeste;52;Goias;5206;MACRORREGIAO SUDOESTE;52016;SUDOESTE II;520440;Caiaponia;16.513;SUDOESTE II
5;Centro-Oeste;52;Goias;5206;MACRORREGIAO SUDOESTE;52016;SUDOESTE II;520547;Chapadao do Ceu;12.870;SUDOESTE II
5;Centro-Oeste;52;Goias;5206;MACRORREGIAO SUDOESTE;52016;SUDOESTE II;522050;Serranopolis;8.027;SUDOESTE II
5;Centro-Oeste;52;Goias;5206;MACRORREGIAO SUDOESTE;52016;SUDOESTE II;520725;Doverlandia;6.956;SUDOESTE II
5;Centro-Oeste;52;Goias;5206;MACRORREGIAO SUDOESTE;52016;SUDOESTE II;521940;Santa Rita do Araguaia;5.924;SUDOESTE II
5;Centro-Oeste;52;Goias;5206;MACRORREGIAO SUDOESTE;52016;SUDOESTE II;520150;Apore;4.325;SUDOESTE II
5;Centro-Oeste;52;Goias;5206;MACRORREGIAO SUDOESTE;52016;SUDOESTE II;521810;Portelandia;3.280;SUDOESTE II
5;Centro-Oeste;52;Goias;5206;MACRORREGIAO SUDOESTE;52016;SUDOESTE II;521645;Perolandia;2.964;SUDOESTE II
5;Centro-Oeste;52;Goias;5210;MACRORREGIAO CENTRO SUDESTE;52017;SUL;521150;Itumbiara;107.970;SUL
5;Centro-Oeste;52;Goias;5210;MACRORREGIAO CENTRO SUDESTE;52017;SUL;521380;Morrinhos;51.351;SUL
5;Centro-Oeste;52;Goias;5210;MACRORREGIAO CENTRO SUDESTE;52017;SUL;520910;Goiatuba;35.664;SUL
5;Centro-Oeste;52;Goias;5210;MACRORREGIAO CENTRO SUDESTE;52017;SUL;520350;Bom Jesus de Goias;23.958;SUL
5;Centro-Oeste;52;Goias;5210;MACRORREGIAO CENTRO SUDESTE;52017;SUL;520390;Buriti Alegre;10.495;SUL
5;Centro-Oeste;52;Goias;5210;MACRORREGIAO CENTRO SUDESTE;52017;SUL;520425;Cachoeira Dourada;7.782;SUL
5;Centro-Oeste;52;Goias;5210;MACRORREGIAO CENTRO SUDESTE;52017;SUL;521210;Joviania;7.159;SUL
5;Centro-Oeste;52;Goias;5210;MACRORREGIAO CENTRO SUDESTE;52017;SUL;520993;Inaciolandia;5.954;SUL
5;Centro-Oeste;52;Goias;5210;MACRORREGIAO CENTRO SUDESTE;52017;SUL;520915;Gouvelandia;4.390;SUL
5;Centro-Oeste;52;Goias;5210;MACRORREGIAO CENTRO SUDESTE;52017;SUL;521600;Panama;2.455;SUL
5;Centro-Oeste;52;Goias;5210;MACRORREGIAO CENTRO SUDESTE;52017;SUL;520050;Aloandia;1.973;SUL
5;Centro-Oeste;52;Goias;5210;MACRORREGIAO CENTRO SUDESTE;52017;SUL;520020;Agua Limpa;1.858;SUL
5;Centro-Oeste;52;Goias;5209;MACRORREGIAO CENTRO-NORTE;52018;SAO PATRICIO II;520860;Goianesia;73.707;SAO PATRICIO II
5;Centro-Oeste;52;Goias;5209;MACRORREGIAO CENTRO-NORTE;52018;SAO PATRICIO II;521180;Jaragua;45.223;SAO PATRICIO II
5;Centro-Oeste;52;Goias;5209;MACRORREGIAO CENTRO-NORTE;52018;SAO PATRICIO II;521560;Padre Bernardo;34.967;SAO PATRICIO II
5;Centro-Oeste;52;Goias;5209;MACRORREGIAO CENTRO-NORTE;52018;SAO PATRICIO II;520320;Barro Alto;10.371;SAO PATRICIO II
5;Centro-Oeste;52;Goias;5209;MACRORREGIAO CENTRO-NORTE;52018;SAO PATRICIO II;522230;Vila Propicio;5.815;SAO PATRICIO II
5;Centro-Oeste;52;Goias;5209;MACRORREGIAO CENTRO-NORTE;52018;SAO PATRICIO II;521060;Itaguaru;4.904;SAO PATRICIO II
5;Centro-Oeste;52;Goias;5209;MACRORREGIAO CENTRO-NORTE;52018;SAO PATRICIO II;521945;Santa Rita do Novo Destino;2.689;SAO PATRICIO II
5;Centro-Oeste;52;Goias;5209;MACRORREGIAO CENTRO-NORTE;52018;SAO PATRICIO II;521305;Mimoso de Goias;2.614;SAO PATRICIO II
5;Centro-Oeste;53;Distrito Federal;5302;DISTRITO FEDERAL;53001;DISTRITO FEDERAL;530010;Brasilia;2.817.381;DISTRITO FEDERAL
